"model_index","set","tau","omega","alpha1","beta1","shape","unc_var","persistence","backtest","value","one_sided"
1,1,2.5,0.01,0.01,0.94,5,0.2,0.95,"er_pvalue_twosided_simple",0.117,FALSE
2,1,2.5,0.01,0.02,0.93,5,0.2,0.95,"er_pvalue_twosided_simple",0.0755,FALSE
3,1,2.5,0.01,0.03,0.92,5,0.2,0.95,"er_pvalue_twosided_simple",0.062,FALSE
4,1,2.5,0.01,0.04,0.91,5,0.2,0.95,"er_pvalue_twosided_simple",0.0586,FALSE
5,1,2.5,0.01,0.05,0.9,5,0.2,0.95,"er_pvalue_twosided_simple",0.0563,FALSE
6,1,2.5,0.01,0.06,0.89,5,0.2,0.95,"er_pvalue_twosided_simple",0.0542,FALSE
7,1,2.5,0.01,0.07,0.88,5,0.2,0.95,"er_pvalue_twosided_simple",0.0531,FALSE
8,1,2.5,0.01,0.08,0.87,5,0.2,0.95,"er_pvalue_twosided_simple",0.0524,FALSE
9,1,2.5,0.01,0.09,0.86,5,0.2,0.95,"er_pvalue_twosided_simple",0.0518,FALSE
10,1,2.5,0.01,0.1,0.85,5,0.2,0.95,"er_pvalue_twosided_simple",0.052,FALSE
11,1,2.5,0.01,0.11,0.84,5,0.2,0.95,"er_pvalue_twosided_simple",0.0512,FALSE
12,1,2.5,0.01,0.12,0.83,5,0.2,0.95,"er_pvalue_twosided_simple",0.0521,FALSE
13,1,2.5,0.01,0.13,0.82,5,0.2,0.95,"er_pvalue_twosided_simple",0.0523,FALSE
14,1,2.5,0.01,0.14,0.81,5,0.2,0.95,"er_pvalue_twosided_simple",0.0528,FALSE
15,1,2.5,0.01,0.15,0.8,5,0.2,0.95,"er_pvalue_twosided_simple",0.0549,FALSE
16,1,2.5,0.01,0.16,0.79,5,0.2,0.95,"er_pvalue_twosided_simple",0.0542,FALSE
17,1,2.5,0.01,0.17,0.78,5,0.2,0.95,"er_pvalue_twosided_simple",0.0555,FALSE
18,1,2.5,0.01,0.18,0.77,5,0.2,0.95,"er_pvalue_twosided_simple",0.0564,FALSE
19,1,2.5,0.01,0.19,0.76,5,0.2,0.95,"er_pvalue_twosided_simple",0.0607,FALSE
20,1,2.5,0.01,0.2,0.75,5,0.2,0.95,"er_pvalue_twosided_simple",0.0631,FALSE
21,2,2.5,5e-04,0.1,0.85,5,0.01,0.95,"er_pvalue_twosided_simple",0.6089,FALSE
22,2,2.5,0.0025,0.1,0.85,5,0.05,0.95,"er_pvalue_twosided_simple",0.2493,FALSE
23,2,2.5,0.005,0.1,0.85,5,0.1,0.95,"er_pvalue_twosided_simple",0.0947,FALSE
24,2,2.5,0.00750000000000001,0.1,0.85,5,0.15,0.95,"er_pvalue_twosided_simple",0.0558,FALSE
25,2,2.5,0.01,0.1,0.85,5,0.2,0.95,"er_pvalue_twosided_simple",0.052,FALSE
26,2,2.5,0.0125,0.1,0.85,5,0.25,0.95,"er_pvalue_twosided_simple",0.058,FALSE
27,2,2.5,0.015,0.1,0.85,5,0.3,0.95,"er_pvalue_twosided_simple",0.0648,FALSE
28,2,2.5,0.0175,0.1,0.85,5,0.35,0.95,"er_pvalue_twosided_simple",0.0706,FALSE
29,2,2.5,0.02,0.1,0.85,5,0.4,0.95,"er_pvalue_twosided_simple",0.0737,FALSE
30,2,2.5,0.0225,0.1,0.85,5,0.45,0.95,"er_pvalue_twosided_simple",0.078,FALSE
31,2,2.5,0.025,0.1,0.85,5,0.5,0.95,"er_pvalue_twosided_simple",0.0794,FALSE
32,3,2.5,0.02,0.0947368421052632,0.805263157894737,5,0.2,0.9,"er_pvalue_twosided_simple",0.0572,FALSE
33,3,2.5,0.018,0.0957894736842105,0.814210526315789,5,0.2,0.91,"er_pvalue_twosided_simple",0.0544,FALSE
34,3,2.5,0.016,0.0968421052631579,0.823157894736842,5,0.2,0.92,"er_pvalue_twosided_simple",0.0533,FALSE
35,3,2.5,0.014,0.0978947368421053,0.832105263157895,5,0.2,0.93,"er_pvalue_twosided_simple",0.0527,FALSE
36,3,2.5,0.012,0.0989473684210526,0.841052631578947,5,0.2,0.94,"er_pvalue_twosided_simple",0.0541,FALSE
37,3,2.5,0.00999999999999998,0.1,0.85,5,0.2,0.95,"er_pvalue_twosided_simple",0.052,FALSE
38,3,2.5,0.008,0.101052631578947,0.858947368421053,5,0.2,0.96,"er_pvalue_twosided_simple",0.0515,FALSE
39,3,2.5,0.006,0.102105263157895,0.867894736842105,5,0.2,0.97,"er_pvalue_twosided_simple",0.0494,FALSE
40,3,2.5,0.004,0.103157894736842,0.876842105263158,5,0.2,0.98,"er_pvalue_twosided_simple",0.0508,FALSE
41,3,2.5,0.002,0.104210526315789,0.885789473684211,5,0.200000000000002,0.99,"er_pvalue_twosided_simple",0.0557,FALSE
42,3,2.5,0,0.105263157894737,0.894736842105263,5,NA,1,"er_pvalue_twosided_simple",0.0781,FALSE
43,4,2.5,0.01,0.1,0.85,3,0.2,0.95,"er_pvalue_twosided_simple",0.7036,FALSE
44,4,2.5,0.01,0.1,0.85,4,0.2,0.95,"er_pvalue_twosided_simple",0.1852,FALSE
45,4,2.5,0.01,0.1,0.85,5,0.2,0.95,"er_pvalue_twosided_simple",0.052,FALSE
46,4,2.5,0.01,0.1,0.85,6,0.2,0.95,"er_pvalue_twosided_simple",0.1189,FALSE
47,4,2.5,0.01,0.1,0.85,7,0.2,0.95,"er_pvalue_twosided_simple",0.2634,FALSE
48,4,2.5,0.01,0.1,0.85,8,0.2,0.95,"er_pvalue_twosided_simple",0.4178,FALSE
49,4,2.5,0.01,0.1,0.85,9,0.2,0.95,"er_pvalue_twosided_simple",0.5417,FALSE
50,4,2.5,0.01,0.1,0.85,10,0.2,0.95,"er_pvalue_twosided_simple",0.6446,FALSE
51,4,2.5,0.01,0.1,0.85,12,0.2,0.95,"er_pvalue_twosided_simple",0.7797,FALSE
52,4,2.5,0.01,0.1,0.85,15,0.2,0.95,"er_pvalue_twosided_simple",0.8818,FALSE
53,4,2.5,0.01,0.1,0.85,20,0.2,0.95,"er_pvalue_twosided_simple",0.9411,FALSE
54,4,2.5,0.01,0.1,0.85,30,0.2,0.95,"er_pvalue_twosided_simple",0.9714,FALSE
55,4,2.5,0.01,0.1,0.85,50,0.2,0.95,"er_pvalue_twosided_simple",0.9862,FALSE
56,4,2.5,0.01,0.1,0.85,1e+06,0.2,0.95,"er_pvalue_twosided_simple",0.996,FALSE
57,5,0.5,0.01,0.1,0.85,5,0.2,0.95,"er_pvalue_twosided_simple",0.056,FALSE
58,5,1,0.01,0.1,0.85,5,0.2,0.95,"er_pvalue_twosided_simple",0.0568,FALSE
59,5,1.5,0.01,0.1,0.85,5,0.2,0.95,"er_pvalue_twosided_simple",0.0534,FALSE
60,5,2,0.01,0.1,0.85,5,0.2,0.95,"er_pvalue_twosided_simple",0.0523,FALSE
61,5,2.5,0.01,0.1,0.85,5,0.2,0.95,"er_pvalue_twosided_simple",0.052,FALSE
62,5,3,0.01,0.1,0.85,5,0.2,0.95,"er_pvalue_twosided_simple",0.0508,FALSE
63,5,3.5,0.01,0.1,0.85,5,0.2,0.95,"er_pvalue_twosided_simple",0.051,FALSE
64,5,4,0.01,0.1,0.85,5,0.2,0.95,"er_pvalue_twosided_simple",0.0534,FALSE
65,5,4.5,0.01,0.1,0.85,5,0.2,0.95,"er_pvalue_twosided_simple",0.052,FALSE
66,5,5,0.01,0.1,0.85,5,0.2,0.95,"er_pvalue_twosided_simple",0.049,FALSE
1,1,2.5,0.01,0.01,0.94,5,0.2,0.95,"er_pvalue_onesided_simple",0.1813,TRUE
2,1,2.5,0.01,0.02,0.93,5,0.2,0.95,"er_pvalue_onesided_simple",0.1116,TRUE
3,1,2.5,0.01,0.03,0.92,5,0.2,0.95,"er_pvalue_onesided_simple",0.0834,TRUE
4,1,2.5,0.01,0.04,0.91,5,0.2,0.95,"er_pvalue_onesided_simple",0.069,TRUE
5,1,2.5,0.01,0.05,0.9,5,0.2,0.95,"er_pvalue_onesided_simple",0.0636,TRUE
6,1,2.5,0.01,0.06,0.89,5,0.2,0.95,"er_pvalue_onesided_simple",0.0573,TRUE
7,1,2.5,0.01,0.07,0.88,5,0.2,0.95,"er_pvalue_onesided_simple",0.055,TRUE
8,1,2.5,0.01,0.08,0.87,5,0.2,0.95,"er_pvalue_onesided_simple",0.0551,TRUE
9,1,2.5,0.01,0.09,0.86,5,0.2,0.95,"er_pvalue_onesided_simple",0.055,TRUE
10,1,2.5,0.01,0.1,0.85,5,0.2,0.95,"er_pvalue_onesided_simple",0.0574,TRUE
11,1,2.5,0.01,0.11,0.84,5,0.2,0.95,"er_pvalue_onesided_simple",0.0593,TRUE
12,1,2.5,0.01,0.12,0.83,5,0.2,0.95,"er_pvalue_onesided_simple",0.0643,TRUE
13,1,2.5,0.01,0.13,0.82,5,0.2,0.95,"er_pvalue_onesided_simple",0.0677,TRUE
14,1,2.5,0.01,0.14,0.81,5,0.2,0.95,"er_pvalue_onesided_simple",0.0729,TRUE
15,1,2.5,0.01,0.15,0.8,5,0.2,0.95,"er_pvalue_onesided_simple",0.0781,TRUE
16,1,2.5,0.01,0.16,0.79,5,0.2,0.95,"er_pvalue_onesided_simple",0.086,TRUE
17,1,2.5,0.01,0.17,0.78,5,0.2,0.95,"er_pvalue_onesided_simple",0.0905,TRUE
18,1,2.5,0.01,0.18,0.77,5,0.2,0.95,"er_pvalue_onesided_simple",0.0977,TRUE
19,1,2.5,0.01,0.19,0.76,5,0.2,0.95,"er_pvalue_onesided_simple",0.1088,TRUE
20,1,2.5,0.01,0.2,0.75,5,0.2,0.95,"er_pvalue_onesided_simple",0.1165,TRUE
21,2,2.5,5e-04,0.1,0.85,5,0.01,0.95,"er_pvalue_onesided_simple",0.7439,TRUE
22,2,2.5,0.0025,0.1,0.85,5,0.05,0.95,"er_pvalue_onesided_simple",0.3936,TRUE
23,2,2.5,0.005,0.1,0.85,5,0.1,0.95,"er_pvalue_onesided_simple",0.178,TRUE
24,2,2.5,0.00750000000000001,0.1,0.85,5,0.15,0.95,"er_pvalue_onesided_simple",0.0929,TRUE
25,2,2.5,0.01,0.1,0.85,5,0.2,0.95,"er_pvalue_onesided_simple",0.0574,TRUE
26,2,2.5,0.0125,0.1,0.85,5,0.25,0.95,"er_pvalue_onesided_simple",0.0402,TRUE
27,2,2.5,0.015,0.1,0.85,5,0.3,0.95,"er_pvalue_onesided_simple",0.0323,TRUE
28,2,2.5,0.0175,0.1,0.85,5,0.35,0.95,"er_pvalue_onesided_simple",0.0266,TRUE
29,2,2.5,0.02,0.1,0.85,5,0.4,0.95,"er_pvalue_onesided_simple",0.0207,TRUE
30,2,2.5,0.0225,0.1,0.85,5,0.45,0.95,"er_pvalue_onesided_simple",0.019,TRUE
31,2,2.5,0.025,0.1,0.85,5,0.5,0.95,"er_pvalue_onesided_simple",0.0162,TRUE
32,3,2.5,0.02,0.0947368421052632,0.805263157894737,5,0.2,0.9,"er_pvalue_onesided_simple",0.0571,TRUE
33,3,2.5,0.018,0.0957894736842105,0.814210526315789,5,0.2,0.91,"er_pvalue_onesided_simple",0.0561,TRUE
34,3,2.5,0.016,0.0968421052631579,0.823157894736842,5,0.2,0.92,"er_pvalue_onesided_simple",0.0546,TRUE
35,3,2.5,0.014,0.0978947368421053,0.832105263157895,5,0.2,0.93,"er_pvalue_onesided_simple",0.0552,TRUE
36,3,2.5,0.012,0.0989473684210526,0.841052631578947,5,0.2,0.94,"er_pvalue_onesided_simple",0.0568,TRUE
37,3,2.5,0.00999999999999998,0.1,0.85,5,0.2,0.95,"er_pvalue_onesided_simple",0.0574,TRUE
38,3,2.5,0.008,0.101052631578947,0.858947368421053,5,0.2,0.96,"er_pvalue_onesided_simple",0.0578,TRUE
39,3,2.5,0.006,0.102105263157895,0.867894736842105,5,0.2,0.97,"er_pvalue_onesided_simple",0.0669,TRUE
40,3,2.5,0.004,0.103157894736842,0.876842105263158,5,0.2,0.98,"er_pvalue_onesided_simple",0.0743,TRUE
41,3,2.5,0.002,0.104210526315789,0.885789473684211,5,0.200000000000002,0.99,"er_pvalue_onesided_simple",0.0975,TRUE
42,3,2.5,0,0.105263157894737,0.894736842105263,5,NA,1,"er_pvalue_onesided_simple",0.1449,TRUE
43,4,2.5,0.01,0.1,0.85,3,0.2,0.95,"er_pvalue_onesided_simple",0,TRUE
44,4,2.5,0.01,0.1,0.85,4,0.2,0.95,"er_pvalue_onesided_simple",0.004,TRUE
45,4,2.5,0.01,0.1,0.85,5,0.2,0.95,"er_pvalue_onesided_simple",0.0574,TRUE
46,4,2.5,0.01,0.1,0.85,6,0.2,0.95,"er_pvalue_onesided_simple",0.2173,TRUE
47,4,2.5,0.01,0.1,0.85,7,0.2,0.95,"er_pvalue_onesided_simple",0.4102,TRUE
48,4,2.5,0.01,0.1,0.85,8,0.2,0.95,"er_pvalue_onesided_simple",0.5714,TRUE
49,4,2.5,0.01,0.1,0.85,9,0.2,0.95,"er_pvalue_onesided_simple",0.6969,TRUE
50,4,2.5,0.01,0.1,0.85,10,0.2,0.95,"er_pvalue_onesided_simple",0.7788,TRUE
51,4,2.5,0.01,0.1,0.85,12,0.2,0.95,"er_pvalue_onesided_simple",0.8816,TRUE
52,4,2.5,0.01,0.1,0.85,15,0.2,0.95,"er_pvalue_onesided_simple",0.9405,TRUE
53,4,2.5,0.01,0.1,0.85,20,0.2,0.95,"er_pvalue_onesided_simple",0.9722,TRUE
54,4,2.5,0.01,0.1,0.85,30,0.2,0.95,"er_pvalue_onesided_simple",0.9885,TRUE
55,4,2.5,0.01,0.1,0.85,50,0.2,0.95,"er_pvalue_onesided_simple",0.9949,TRUE
56,4,2.5,0.01,0.1,0.85,1e+06,0.2,0.95,"er_pvalue_onesided_simple",0.9985,TRUE
57,5,0.5,0.01,0.1,0.85,5,0.2,0.95,"er_pvalue_onesided_simple",0.0345,TRUE
58,5,1,0.01,0.1,0.85,5,0.2,0.95,"er_pvalue_onesided_simple",0.0514,TRUE
59,5,1.5,0.01,0.1,0.85,5,0.2,0.95,"er_pvalue_onesided_simple",0.0567,TRUE
60,5,2,0.01,0.1,0.85,5,0.2,0.95,"er_pvalue_onesided_simple",0.0607,TRUE
61,5,2.5,0.01,0.1,0.85,5,0.2,0.95,"er_pvalue_onesided_simple",0.0574,TRUE
62,5,3,0.01,0.1,0.85,5,0.2,0.95,"er_pvalue_onesided_simple",0.0581,TRUE
63,5,3.5,0.01,0.1,0.85,5,0.2,0.95,"er_pvalue_onesided_simple",0.0562,TRUE
64,5,4,0.01,0.1,0.85,5,0.2,0.95,"er_pvalue_onesided_simple",0.0589,TRUE
65,5,4.5,0.01,0.1,0.85,5,0.2,0.95,"er_pvalue_onesided_simple",0.0605,TRUE
66,5,5,0.01,0.1,0.85,5,0.2,0.95,"er_pvalue_onesided_simple",0.059,TRUE
1,1,2.5,0.01,0.01,0.94,5,0.2,0.95,"er_pvalue_twosided_standardized",0.101,FALSE
2,1,2.5,0.01,0.02,0.93,5,0.2,0.95,"er_pvalue_twosided_standardized",0.0655,FALSE
3,1,2.5,0.01,0.03,0.92,5,0.2,0.95,"er_pvalue_twosided_standardized",0.0587,FALSE
4,1,2.5,0.01,0.04,0.91,5,0.2,0.95,"er_pvalue_twosided_standardized",0.0537,FALSE
5,1,2.5,0.01,0.05,0.9,5,0.2,0.95,"er_pvalue_twosided_standardized",0.0505,FALSE
6,1,2.5,0.01,0.06,0.89,5,0.2,0.95,"er_pvalue_twosided_standardized",0.0475,FALSE
7,1,2.5,0.01,0.07,0.88,5,0.2,0.95,"er_pvalue_twosided_standardized",0.0475,FALSE
8,1,2.5,0.01,0.08,0.87,5,0.2,0.95,"er_pvalue_twosided_standardized",0.0464,FALSE
9,1,2.5,0.01,0.09,0.86,5,0.2,0.95,"er_pvalue_twosided_standardized",0.0457,FALSE
10,1,2.5,0.01,0.1,0.85,5,0.2,0.95,"er_pvalue_twosided_standardized",0.0471,FALSE
11,1,2.5,0.01,0.11,0.84,5,0.2,0.95,"er_pvalue_twosided_standardized",0.0459,FALSE
12,1,2.5,0.01,0.12,0.83,5,0.2,0.95,"er_pvalue_twosided_standardized",0.0493,FALSE
13,1,2.5,0.01,0.13,0.82,5,0.2,0.95,"er_pvalue_twosided_standardized",0.05,FALSE
14,1,2.5,0.01,0.14,0.81,5,0.2,0.95,"er_pvalue_twosided_standardized",0.0512,FALSE
15,1,2.5,0.01,0.15,0.8,5,0.2,0.95,"er_pvalue_twosided_standardized",0.0561,FALSE
16,1,2.5,0.01,0.16,0.79,5,0.2,0.95,"er_pvalue_twosided_standardized",0.0614,FALSE
17,1,2.5,0.01,0.17,0.78,5,0.2,0.95,"er_pvalue_twosided_standardized",0.062,FALSE
18,1,2.5,0.01,0.18,0.77,5,0.2,0.95,"er_pvalue_twosided_standardized",0.0667,FALSE
19,1,2.5,0.01,0.19,0.76,5,0.2,0.95,"er_pvalue_twosided_standardized",0.0754,FALSE
20,1,2.5,0.01,0.2,0.75,5,0.2,0.95,"er_pvalue_twosided_standardized",0.083,FALSE
21,2,2.5,5e-04,0.1,0.85,5,0.01,0.95,"er_pvalue_twosided_standardized",0.8084,FALSE
22,2,2.5,0.0025,0.1,0.85,5,0.05,0.95,"er_pvalue_twosided_standardized",0.3556,FALSE
23,2,2.5,0.005,0.1,0.85,5,0.1,0.95,"er_pvalue_twosided_standardized",0.1216,FALSE
24,2,2.5,0.00750000000000001,0.1,0.85,5,0.15,0.95,"er_pvalue_twosided_standardized",0.0577,FALSE
25,2,2.5,0.01,0.1,0.85,5,0.2,0.95,"er_pvalue_twosided_standardized",0.0471,FALSE
26,2,2.5,0.0125,0.1,0.85,5,0.25,0.95,"er_pvalue_twosided_standardized",0.0504,FALSE
27,2,2.5,0.015,0.1,0.85,5,0.3,0.95,"er_pvalue_twosided_standardized",0.0566,FALSE
28,2,2.5,0.0175,0.1,0.85,5,0.35,0.95,"er_pvalue_twosided_standardized",0.0621,FALSE
29,2,2.5,0.02,0.1,0.85,5,0.4,0.95,"er_pvalue_twosided_standardized",0.0664,FALSE
30,2,2.5,0.0225,0.1,0.85,5,0.45,0.95,"er_pvalue_twosided_standardized",0.0708,FALSE
31,2,2.5,0.025,0.1,0.85,5,0.5,0.95,"er_pvalue_twosided_standardized",0.0704,FALSE
32,3,2.5,0.02,0.0947368421052632,0.805263157894737,5,0.2,0.9,"er_pvalue_twosided_standardized",0.0487,FALSE
33,3,2.5,0.018,0.0957894736842105,0.814210526315789,5,0.2,0.91,"er_pvalue_twosided_standardized",0.0478,FALSE
34,3,2.5,0.016,0.0968421052631579,0.823157894736842,5,0.2,0.92,"er_pvalue_twosided_standardized",0.0476,FALSE
35,3,2.5,0.014,0.0978947368421053,0.832105263157895,5,0.2,0.93,"er_pvalue_twosided_standardized",0.0491,FALSE
36,3,2.5,0.012,0.0989473684210526,0.841052631578947,5,0.2,0.94,"er_pvalue_twosided_standardized",0.0472,FALSE
37,3,2.5,0.00999999999999998,0.1,0.85,5,0.2,0.95,"er_pvalue_twosided_standardized",0.0471,FALSE
38,3,2.5,0.008,0.101052631578947,0.858947368421053,5,0.2,0.96,"er_pvalue_twosided_standardized",0.0448,FALSE
39,3,2.5,0.006,0.102105263157895,0.867894736842105,5,0.2,0.97,"er_pvalue_twosided_standardized",0.0467,FALSE
40,3,2.5,0.004,0.103157894736842,0.876842105263158,5,0.2,0.98,"er_pvalue_twosided_standardized",0.0562,FALSE
41,3,2.5,0.002,0.104210526315789,0.885789473684211,5,0.200000000000002,0.99,"er_pvalue_twosided_standardized",0.0702,FALSE
42,3,2.5,0,0.105263157894737,0.894736842105263,5,NA,1,"er_pvalue_twosided_standardized",0.1273,FALSE
43,4,2.5,0.01,0.1,0.85,3,0.2,0.95,"er_pvalue_twosided_standardized",0.697,FALSE
44,4,2.5,0.01,0.1,0.85,4,0.2,0.95,"er_pvalue_twosided_standardized",0.1654,FALSE
45,4,2.5,0.01,0.1,0.85,5,0.2,0.95,"er_pvalue_twosided_standardized",0.0471,FALSE
46,4,2.5,0.01,0.1,0.85,6,0.2,0.95,"er_pvalue_twosided_standardized",0.1256,FALSE
47,4,2.5,0.01,0.1,0.85,7,0.2,0.95,"er_pvalue_twosided_standardized",0.2821,FALSE
48,4,2.5,0.01,0.1,0.85,8,0.2,0.95,"er_pvalue_twosided_standardized",0.4431,FALSE
49,4,2.5,0.01,0.1,0.85,9,0.2,0.95,"er_pvalue_twosided_standardized",0.5727,FALSE
50,4,2.5,0.01,0.1,0.85,10,0.2,0.95,"er_pvalue_twosided_standardized",0.6723,FALSE
51,4,2.5,0.01,0.1,0.85,12,0.2,0.95,"er_pvalue_twosided_standardized",0.8032,FALSE
52,4,2.5,0.01,0.1,0.85,15,0.2,0.95,"er_pvalue_twosided_standardized",0.8971,FALSE
53,4,2.5,0.01,0.1,0.85,20,0.2,0.95,"er_pvalue_twosided_standardized",0.9506,FALSE
54,4,2.5,0.01,0.1,0.85,30,0.2,0.95,"er_pvalue_twosided_standardized",0.9787,FALSE
55,4,2.5,0.01,0.1,0.85,50,0.2,0.95,"er_pvalue_twosided_standardized",0.9899,FALSE
56,4,2.5,0.01,0.1,0.85,1e+06,0.2,0.95,"er_pvalue_twosided_standardized",0.9974,FALSE
57,5,0.5,0.01,0.1,0.85,5,0.2,0.95,"er_pvalue_twosided_standardized",0.0466,FALSE
58,5,1,0.01,0.1,0.85,5,0.2,0.95,"er_pvalue_twosided_standardized",0.0454,FALSE
59,5,1.5,0.01,0.1,0.85,5,0.2,0.95,"er_pvalue_twosided_standardized",0.047,FALSE
60,5,2,0.01,0.1,0.85,5,0.2,0.95,"er_pvalue_twosided_standardized",0.0487,FALSE
61,5,2.5,0.01,0.1,0.85,5,0.2,0.95,"er_pvalue_twosided_standardized",0.0471,FALSE
62,5,3,0.01,0.1,0.85,5,0.2,0.95,"er_pvalue_twosided_standardized",0.0467,FALSE
63,5,3.5,0.01,0.1,0.85,5,0.2,0.95,"er_pvalue_twosided_standardized",0.0476,FALSE
64,5,4,0.01,0.1,0.85,5,0.2,0.95,"er_pvalue_twosided_standardized",0.0509,FALSE
65,5,4.5,0.01,0.1,0.85,5,0.2,0.95,"er_pvalue_twosided_standardized",0.0501,FALSE
66,5,5,0.01,0.1,0.85,5,0.2,0.95,"er_pvalue_twosided_standardized",0.0481,FALSE
1,1,2.5,0.01,0.01,0.94,5,0.2,0.95,"er_pvalue_onesided_standardized",0.1562,TRUE
2,1,2.5,0.01,0.02,0.93,5,0.2,0.95,"er_pvalue_onesided_standardized",0.0941,TRUE
3,1,2.5,0.01,0.03,0.92,5,0.2,0.95,"er_pvalue_onesided_standardized",0.0711,TRUE
4,1,2.5,0.01,0.04,0.91,5,0.2,0.95,"er_pvalue_onesided_standardized",0.0605,TRUE
5,1,2.5,0.01,0.05,0.9,5,0.2,0.95,"er_pvalue_onesided_standardized",0.0573,TRUE
6,1,2.5,0.01,0.06,0.89,5,0.2,0.95,"er_pvalue_onesided_standardized",0.0527,TRUE
7,1,2.5,0.01,0.07,0.88,5,0.2,0.95,"er_pvalue_onesided_standardized",0.0514,TRUE
8,1,2.5,0.01,0.08,0.87,5,0.2,0.95,"er_pvalue_onesided_standardized",0.053,TRUE
9,1,2.5,0.01,0.09,0.86,5,0.2,0.95,"er_pvalue_onesided_standardized",0.0553,TRUE
10,1,2.5,0.01,0.1,0.85,5,0.2,0.95,"er_pvalue_onesided_standardized",0.0565,TRUE
11,1,2.5,0.01,0.11,0.84,5,0.2,0.95,"er_pvalue_onesided_standardized",0.0642,TRUE
12,1,2.5,0.01,0.12,0.83,5,0.2,0.95,"er_pvalue_onesided_standardized",0.0697,TRUE
13,1,2.5,0.01,0.13,0.82,5,0.2,0.95,"er_pvalue_onesided_standardized",0.0728,TRUE
14,1,2.5,0.01,0.14,0.81,5,0.2,0.95,"er_pvalue_onesided_standardized",0.0817,TRUE
15,1,2.5,0.01,0.15,0.8,5,0.2,0.95,"er_pvalue_onesided_standardized",0.0927,TRUE
16,1,2.5,0.01,0.16,0.79,5,0.2,0.95,"er_pvalue_onesided_standardized",0.1,TRUE
17,1,2.5,0.01,0.17,0.78,5,0.2,0.95,"er_pvalue_onesided_standardized",0.1106,TRUE
18,1,2.5,0.01,0.18,0.77,5,0.2,0.95,"er_pvalue_onesided_standardized",0.1208,TRUE
19,1,2.5,0.01,0.19,0.76,5,0.2,0.95,"er_pvalue_onesided_standardized",0.1332,TRUE
20,1,2.5,0.01,0.2,0.75,5,0.2,0.95,"er_pvalue_onesided_standardized",0.1454,TRUE
21,2,2.5,5e-04,0.1,0.85,5,0.01,0.95,"er_pvalue_onesided_standardized",0.8953,TRUE
22,2,2.5,0.0025,0.1,0.85,5,0.05,0.95,"er_pvalue_onesided_standardized",0.5051,TRUE
23,2,2.5,0.005,0.1,0.85,5,0.1,0.95,"er_pvalue_onesided_standardized",0.215,TRUE
24,2,2.5,0.00750000000000001,0.1,0.85,5,0.15,0.95,"er_pvalue_onesided_standardized",0.1041,TRUE
25,2,2.5,0.01,0.1,0.85,5,0.2,0.95,"er_pvalue_onesided_standardized",0.0565,TRUE
26,2,2.5,0.0125,0.1,0.85,5,0.25,0.95,"er_pvalue_onesided_standardized",0.0393,TRUE
27,2,2.5,0.015,0.1,0.85,5,0.3,0.95,"er_pvalue_onesided_standardized",0.0293,TRUE
28,2,2.5,0.0175,0.1,0.85,5,0.35,0.95,"er_pvalue_onesided_standardized",0.0251,TRUE
29,2,2.5,0.02,0.1,0.85,5,0.4,0.95,"er_pvalue_onesided_standardized",0.018,TRUE
30,2,2.5,0.0225,0.1,0.85,5,0.45,0.95,"er_pvalue_onesided_standardized",0.0174,TRUE
31,2,2.5,0.025,0.1,0.85,5,0.5,0.95,"er_pvalue_onesided_standardized",0.0139,TRUE
32,3,2.5,0.02,0.0947368421052632,0.805263157894737,5,0.2,0.9,"er_pvalue_onesided_standardized",0.0505,TRUE
33,3,2.5,0.018,0.0957894736842105,0.814210526315789,5,0.2,0.91,"er_pvalue_onesided_standardized",0.0512,TRUE
34,3,2.5,0.016,0.0968421052631579,0.823157894736842,5,0.2,0.92,"er_pvalue_onesided_standardized",0.0532,TRUE
35,3,2.5,0.014,0.0978947368421053,0.832105263157895,5,0.2,0.93,"er_pvalue_onesided_standardized",0.0527,TRUE
36,3,2.5,0.012,0.0989473684210526,0.841052631578947,5,0.2,0.94,"er_pvalue_onesided_standardized",0.0554,TRUE
37,3,2.5,0.00999999999999998,0.1,0.85,5,0.2,0.95,"er_pvalue_onesided_standardized",0.0565,TRUE
38,3,2.5,0.008,0.101052631578947,0.858947368421053,5,0.2,0.96,"er_pvalue_onesided_standardized",0.0653,TRUE
39,3,2.5,0.006,0.102105263157895,0.867894736842105,5,0.2,0.97,"er_pvalue_onesided_standardized",0.0736,TRUE
40,3,2.5,0.004,0.103157894736842,0.876842105263158,5,0.2,0.98,"er_pvalue_onesided_standardized",0.0921,TRUE
41,3,2.5,0.002,0.104210526315789,0.885789473684211,5,0.200000000000002,0.99,"er_pvalue_onesided_standardized",0.1347,TRUE
42,3,2.5,0,0.105263157894737,0.894736842105263,5,NA,1,"er_pvalue_onesided_standardized",0.2293,TRUE
43,4,2.5,0.01,0.1,0.85,3,0.2,0.95,"er_pvalue_onesided_standardized",0,TRUE
44,4,2.5,0.01,0.1,0.85,4,0.2,0.95,"er_pvalue_onesided_standardized",0.0028,TRUE
45,4,2.5,0.01,0.1,0.85,5,0.2,0.95,"er_pvalue_onesided_standardized",0.0565,TRUE
46,4,2.5,0.01,0.1,0.85,6,0.2,0.95,"er_pvalue_onesided_standardized",0.2271,TRUE
47,4,2.5,0.01,0.1,0.85,7,0.2,0.95,"er_pvalue_onesided_standardized",0.43,TRUE
48,4,2.5,0.01,0.1,0.85,8,0.2,0.95,"er_pvalue_onesided_standardized",0.5975,TRUE
49,4,2.5,0.01,0.1,0.85,9,0.2,0.95,"er_pvalue_onesided_standardized",0.717,TRUE
50,4,2.5,0.01,0.1,0.85,10,0.2,0.95,"er_pvalue_onesided_standardized",0.8005,TRUE
51,4,2.5,0.01,0.1,0.85,12,0.2,0.95,"er_pvalue_onesided_standardized",0.8948,TRUE
52,4,2.5,0.01,0.1,0.85,15,0.2,0.95,"er_pvalue_onesided_standardized",0.9474,TRUE
53,4,2.5,0.01,0.1,0.85,20,0.2,0.95,"er_pvalue_onesided_standardized",0.9783,TRUE
54,4,2.5,0.01,0.1,0.85,30,0.2,0.95,"er_pvalue_onesided_standardized",0.9914,TRUE
55,4,2.5,0.01,0.1,0.85,50,0.2,0.95,"er_pvalue_onesided_standardized",0.9963,TRUE
56,4,2.5,0.01,0.1,0.85,1e+06,0.2,0.95,"er_pvalue_onesided_standardized",0.9988,TRUE
57,5,0.5,0.01,0.1,0.85,5,0.2,0.95,"er_pvalue_onesided_standardized",0.0335,TRUE
58,5,1,0.01,0.1,0.85,5,0.2,0.95,"er_pvalue_onesided_standardized",0.0536,TRUE
59,5,1.5,0.01,0.1,0.85,5,0.2,0.95,"er_pvalue_onesided_standardized",0.056,TRUE
60,5,2,0.01,0.1,0.85,5,0.2,0.95,"er_pvalue_onesided_standardized",0.0589,TRUE
61,5,2.5,0.01,0.1,0.85,5,0.2,0.95,"er_pvalue_onesided_standardized",0.0565,TRUE
62,5,3,0.01,0.1,0.85,5,0.2,0.95,"er_pvalue_onesided_standardized",0.0597,TRUE
63,5,3.5,0.01,0.1,0.85,5,0.2,0.95,"er_pvalue_onesided_standardized",0.0616,TRUE
64,5,4,0.01,0.1,0.85,5,0.2,0.95,"er_pvalue_onesided_standardized",0.0604,TRUE
65,5,4.5,0.01,0.1,0.85,5,0.2,0.95,"er_pvalue_onesided_standardized",0.0614,TRUE
66,5,5,0.01,0.1,0.85,5,0.2,0.95,"er_pvalue_onesided_standardized",0.0605,TRUE
1,1,2.5,0.01,0.01,0.94,5,0.2,0.95,"cc_pvalue_twosided_simple",0.286,FALSE
2,1,2.5,0.01,0.02,0.93,5,0.2,0.95,"cc_pvalue_twosided_simple",0.2752,FALSE
3,1,2.5,0.01,0.03,0.92,5,0.2,0.95,"cc_pvalue_twosided_simple",0.2535,FALSE
4,1,2.5,0.01,0.04,0.91,5,0.2,0.95,"cc_pvalue_twosided_simple",0.2264,FALSE
5,1,2.5,0.01,0.05,0.9,5,0.2,0.95,"cc_pvalue_twosided_simple",0.1962,FALSE
6,1,2.5,0.01,0.06,0.89,5,0.2,0.95,"cc_pvalue_twosided_simple",0.1619,FALSE
7,1,2.5,0.01,0.07,0.88,5,0.2,0.95,"cc_pvalue_twosided_simple",0.1383,FALSE
8,1,2.5,0.01,0.08,0.87,5,0.2,0.95,"cc_pvalue_twosided_simple",0.1163,FALSE
9,1,2.5,0.01,0.09,0.86,5,0.2,0.95,"cc_pvalue_twosided_simple",0.0996,FALSE
10,1,2.5,0.01,0.1,0.85,5,0.2,0.95,"cc_pvalue_twosided_simple",0.0891,FALSE
11,1,2.5,0.01,0.11,0.84,5,0.2,0.95,"cc_pvalue_twosided_simple",0.0818,FALSE
12,1,2.5,0.01,0.12,0.83,5,0.2,0.95,"cc_pvalue_twosided_simple",0.0791,FALSE
13,1,2.5,0.01,0.13,0.82,5,0.2,0.95,"cc_pvalue_twosided_simple",0.0857,FALSE
14,1,2.5,0.01,0.14,0.81,5,0.2,0.95,"cc_pvalue_twosided_simple",0.0961,FALSE
15,1,2.5,0.01,0.15,0.8,5,0.2,0.95,"cc_pvalue_twosided_simple",0.1114,FALSE
16,1,2.5,0.01,0.16,0.79,5,0.2,0.95,"cc_pvalue_twosided_simple",0.1343,FALSE
17,1,2.5,0.01,0.17,0.78,5,0.2,0.95,"cc_pvalue_twosided_simple",0.1659,FALSE
18,1,2.5,0.01,0.18,0.77,5,0.2,0.95,"cc_pvalue_twosided_simple",0.2083,FALSE
19,1,2.5,0.01,0.19,0.76,5,0.2,0.95,"cc_pvalue_twosided_simple",0.2605,FALSE
20,1,2.5,0.01,0.2,0.75,5,0.2,0.95,"cc_pvalue_twosided_simple",0.3138,FALSE
21,2,2.5,5e-04,0.1,0.85,5,0.01,0.95,"cc_pvalue_twosided_simple",1,FALSE
22,2,2.5,0.0025,0.1,0.85,5,0.05,0.95,"cc_pvalue_twosided_simple",1,FALSE
23,2,2.5,0.005,0.1,0.85,5,0.1,0.95,"cc_pvalue_twosided_simple",0.8656,FALSE
24,2,2.5,0.00750000000000001,0.1,0.85,5,0.15,0.95,"cc_pvalue_twosided_simple",0.1989,FALSE
25,2,2.5,0.01,0.1,0.85,5,0.2,0.95,"cc_pvalue_twosided_simple",0.0891,FALSE
26,2,2.5,0.0125,0.1,0.85,5,0.25,0.95,"cc_pvalue_twosided_simple",0.3174,FALSE
27,2,2.5,0.015,0.1,0.85,5,0.3,0.95,"cc_pvalue_twosided_simple",0.6718,FALSE
28,2,2.5,0.0175,0.1,0.85,5,0.35,0.95,"cc_pvalue_twosided_simple",0.9004,FALSE
29,2,2.5,0.02,0.1,0.85,5,0.4,0.95,"cc_pvalue_twosided_simple",0.9777,FALSE
30,2,2.5,0.0225,0.1,0.85,5,0.45,0.95,"cc_pvalue_twosided_simple",0.9971,FALSE
31,2,2.5,0.025,0.1,0.85,5,0.5,0.95,"cc_pvalue_twosided_simple",0.9996,FALSE
32,3,2.5,0.02,0.0947368421052632,0.805263157894737,5,0.2,0.9,"cc_pvalue_twosided_simple",0.1747,FALSE
33,3,2.5,0.018,0.0957894736842105,0.814210526315789,5,0.2,0.91,"cc_pvalue_twosided_simple",0.1604,FALSE
34,3,2.5,0.016,0.0968421052631579,0.823157894736842,5,0.2,0.92,"cc_pvalue_twosided_simple",0.1414,FALSE
35,3,2.5,0.014,0.0978947368421053,0.832105263157895,5,0.2,0.93,"cc_pvalue_twosided_simple",0.1226,FALSE
36,3,2.5,0.012,0.0989473684210526,0.841052631578947,5,0.2,0.94,"cc_pvalue_twosided_simple",0.1055,FALSE
37,3,2.5,0.00999999999999998,0.1,0.85,5,0.2,0.95,"cc_pvalue_twosided_simple",0.0891,FALSE
38,3,2.5,0.008,0.101052631578947,0.858947368421053,5,0.2,0.96,"cc_pvalue_twosided_simple",0.0785,FALSE
39,3,2.5,0.006,0.102105263157895,0.867894736842105,5,0.2,0.97,"cc_pvalue_twosided_simple",0.0821,FALSE
40,3,2.5,0.004,0.103157894736842,0.876842105263158,5,0.2,0.98,"cc_pvalue_twosided_simple",0.125,FALSE
41,3,2.5,0.002,0.104210526315789,0.885789473684211,5,0.200000000000002,0.99,"cc_pvalue_twosided_simple",0.2624,FALSE
42,3,2.5,0,0.105263157894737,0.894736842105263,5,NA,1,"cc_pvalue_twosided_simple",0.6498,FALSE
43,4,2.5,0.01,0.1,0.85,3,0.2,0.95,"cc_pvalue_twosided_simple",0.9121,FALSE
44,4,2.5,0.01,0.1,0.85,4,0.2,0.95,"cc_pvalue_twosided_simple",0.2847,FALSE
45,4,2.5,0.01,0.1,0.85,5,0.2,0.95,"cc_pvalue_twosided_simple",0.0891,FALSE
46,4,2.5,0.01,0.1,0.85,6,0.2,0.95,"cc_pvalue_twosided_simple",0.07,FALSE
47,4,2.5,0.01,0.1,0.85,7,0.2,0.95,"cc_pvalue_twosided_simple",0.1025,FALSE
48,4,2.5,0.01,0.1,0.85,8,0.2,0.95,"cc_pvalue_twosided_simple",0.1686,FALSE
49,4,2.5,0.01,0.1,0.85,9,0.2,0.95,"cc_pvalue_twosided_simple",0.2417,FALSE
50,4,2.5,0.01,0.1,0.85,10,0.2,0.95,"cc_pvalue_twosided_simple",0.317,FALSE
51,4,2.5,0.01,0.1,0.85,12,0.2,0.95,"cc_pvalue_twosided_simple",0.4465,FALSE
52,4,2.5,0.01,0.1,0.85,15,0.2,0.95,"cc_pvalue_twosided_simple",0.5817,FALSE
53,4,2.5,0.01,0.1,0.85,20,0.2,0.95,"cc_pvalue_twosided_simple",0.7036,FALSE
54,4,2.5,0.01,0.1,0.85,30,0.2,0.95,"cc_pvalue_twosided_simple",0.8072,FALSE
55,4,2.5,0.01,0.1,0.85,50,0.2,0.95,"cc_pvalue_twosided_simple",0.8707,FALSE
56,4,2.5,0.01,0.1,0.85,1e+06,0.2,0.95,"cc_pvalue_twosided_simple",0.9328,FALSE
57,5,0.5,0.01,0.1,0.85,5,0.2,0.95,"cc_pvalue_twosided_simple",1,FALSE
58,5,1,0.01,0.1,0.85,5,0.2,0.95,"cc_pvalue_twosided_simple",1,FALSE
59,5,1.5,0.01,0.1,0.85,5,0.2,0.95,"cc_pvalue_twosided_simple",0.9658,FALSE
60,5,2,0.01,0.1,0.85,5,0.2,0.95,"cc_pvalue_twosided_simple",0.4596,FALSE
61,5,2.5,0.01,0.1,0.85,5,0.2,0.95,"cc_pvalue_twosided_simple",0.0891,FALSE
62,5,3,0.01,0.1,0.85,5,0.2,0.95,"cc_pvalue_twosided_simple",0.228,FALSE
63,5,3.5,0.01,0.1,0.85,5,0.2,0.95,"cc_pvalue_twosided_simple",0.7307,FALSE
64,5,4,0.01,0.1,0.85,5,0.2,0.95,"cc_pvalue_twosided_simple",0.9719,FALSE
65,5,4.5,0.01,0.1,0.85,5,0.2,0.95,"cc_pvalue_twosided_simple",0.999,FALSE
66,5,5,0.01,0.1,0.85,5,0.2,0.95,"cc_pvalue_twosided_simple",1,FALSE
1,1,2.5,0.01,0.01,0.94,5,0.2,0.95,"cc_pvalue_onesided_simple",0.2535,TRUE
2,1,2.5,0.01,0.02,0.93,5,0.2,0.95,"cc_pvalue_onesided_simple",0.2376,TRUE
3,1,2.5,0.01,0.03,0.92,5,0.2,0.95,"cc_pvalue_onesided_simple",0.2174,TRUE
4,1,2.5,0.01,0.04,0.91,5,0.2,0.95,"cc_pvalue_onesided_simple",0.1852,TRUE
5,1,2.5,0.01,0.05,0.9,5,0.2,0.95,"cc_pvalue_onesided_simple",0.1534,TRUE
6,1,2.5,0.01,0.06,0.89,5,0.2,0.95,"cc_pvalue_onesided_simple",0.1179,TRUE
7,1,2.5,0.01,0.07,0.88,5,0.2,0.95,"cc_pvalue_onesided_simple",0.0892,TRUE
8,1,2.5,0.01,0.08,0.87,5,0.2,0.95,"cc_pvalue_onesided_simple",0.0623,TRUE
9,1,2.5,0.01,0.09,0.86,5,0.2,0.95,"cc_pvalue_onesided_simple",0.0424,TRUE
10,1,2.5,0.01,0.1,0.85,5,0.2,0.95,"cc_pvalue_onesided_simple",0.0287,TRUE
11,1,2.5,0.01,0.11,0.84,5,0.2,0.95,"cc_pvalue_onesided_simple",0.0188,TRUE
12,1,2.5,0.01,0.12,0.83,5,0.2,0.95,"cc_pvalue_onesided_simple",0.0131,TRUE
13,1,2.5,0.01,0.13,0.82,5,0.2,0.95,"cc_pvalue_onesided_simple",0.0106,TRUE
14,1,2.5,0.01,0.14,0.81,5,0.2,0.95,"cc_pvalue_onesided_simple",0.0098,TRUE
15,1,2.5,0.01,0.15,0.8,5,0.2,0.95,"cc_pvalue_onesided_simple",0.0096,TRUE
16,1,2.5,0.01,0.16,0.79,5,0.2,0.95,"cc_pvalue_onesided_simple",0.0111,TRUE
17,1,2.5,0.01,0.17,0.78,5,0.2,0.95,"cc_pvalue_onesided_simple",0.0136,TRUE
18,1,2.5,0.01,0.18,0.77,5,0.2,0.95,"cc_pvalue_onesided_simple",0.0175,TRUE
19,1,2.5,0.01,0.19,0.76,5,0.2,0.95,"cc_pvalue_onesided_simple",0.0247,TRUE
20,1,2.5,0.01,0.2,0.75,5,0.2,0.95,"cc_pvalue_onesided_simple",0.0346,TRUE
21,2,2.5,5e-04,0.1,0.85,5,0.01,0.95,"cc_pvalue_onesided_simple",0.9997,TRUE
22,2,2.5,0.0025,0.1,0.85,5,0.05,0.95,"cc_pvalue_onesided_simple",0.9864,TRUE
23,2,2.5,0.005,0.1,0.85,5,0.1,0.95,"cc_pvalue_onesided_simple",0.4795,TRUE
24,2,2.5,0.00750000000000001,0.1,0.85,5,0.15,0.95,"cc_pvalue_onesided_simple",0.0487,TRUE
25,2,2.5,0.01,0.1,0.85,5,0.2,0.95,"cc_pvalue_onesided_simple",0.0287,TRUE
26,2,2.5,0.0125,0.1,0.85,5,0.25,0.95,"cc_pvalue_onesided_simple",0.2634,TRUE
27,2,2.5,0.015,0.1,0.85,5,0.3,0.95,"cc_pvalue_onesided_simple",0.6548,TRUE
28,2,2.5,0.0175,0.1,0.85,5,0.35,0.95,"cc_pvalue_onesided_simple",0.9012,TRUE
29,2,2.5,0.02,0.1,0.85,5,0.4,0.95,"cc_pvalue_onesided_simple",0.9824,TRUE
30,2,2.5,0.0225,0.1,0.85,5,0.45,0.95,"cc_pvalue_onesided_simple",0.9977,TRUE
31,2,2.5,0.025,0.1,0.85,5,0.5,0.95,"cc_pvalue_onesided_simple",0.9999,TRUE
32,3,2.5,0.02,0.0947368421052632,0.805263157894737,5,0.2,0.9,"cc_pvalue_onesided_simple",0.1291,TRUE
33,3,2.5,0.018,0.0957894736842105,0.814210526315789,5,0.2,0.91,"cc_pvalue_onesided_simple",0.1113,TRUE
34,3,2.5,0.016,0.0968421052631579,0.823157894736842,5,0.2,0.92,"cc_pvalue_onesided_simple",0.091,TRUE
35,3,2.5,0.014,0.0978947368421053,0.832105263157895,5,0.2,0.93,"cc_pvalue_onesided_simple",0.0686,TRUE
36,3,2.5,0.012,0.0989473684210526,0.841052631578947,5,0.2,0.94,"cc_pvalue_onesided_simple",0.0479,TRUE
37,3,2.5,0.00999999999999998,0.1,0.85,5,0.2,0.95,"cc_pvalue_onesided_simple",0.0287,TRUE
38,3,2.5,0.008,0.101052631578947,0.858947368421053,5,0.2,0.96,"cc_pvalue_onesided_simple",0.0144,TRUE
39,3,2.5,0.006,0.102105263157895,0.867894736842105,5,0.2,0.97,"cc_pvalue_onesided_simple",0.0074,TRUE
40,3,2.5,0.004,0.103157894736842,0.876842105263158,5,0.2,0.98,"cc_pvalue_onesided_simple",0.0065,TRUE
41,3,2.5,0.002,0.104210526315789,0.885789473684211,5,0.200000000000002,0.99,"cc_pvalue_onesided_simple",0.0161,TRUE
42,3,2.5,0,0.105263157894737,0.894736842105263,5,NA,1,"cc_pvalue_onesided_simple",0.0614,TRUE
43,4,2.5,0.01,0.1,0.85,3,0.2,0.95,"cc_pvalue_onesided_simple",2e-04,TRUE
44,4,2.5,0.01,0.1,0.85,4,0.2,0.95,"cc_pvalue_onesided_simple",0.0111,TRUE
45,4,2.5,0.01,0.1,0.85,5,0.2,0.95,"cc_pvalue_onesided_simple",0.0287,TRUE
46,4,2.5,0.01,0.1,0.85,6,0.2,0.95,"cc_pvalue_onesided_simple",0.0421,TRUE
47,4,2.5,0.01,0.1,0.85,7,0.2,0.95,"cc_pvalue_onesided_simple",0.066,TRUE
48,4,2.5,0.01,0.1,0.85,8,0.2,0.95,"cc_pvalue_onesided_simple",0.0986,TRUE
49,4,2.5,0.01,0.1,0.85,9,0.2,0.95,"cc_pvalue_onesided_simple",0.1397,TRUE
50,4,2.5,0.01,0.1,0.85,10,0.2,0.95,"cc_pvalue_onesided_simple",0.1838,TRUE
51,4,2.5,0.01,0.1,0.85,12,0.2,0.95,"cc_pvalue_onesided_simple",0.2777,TRUE
52,4,2.5,0.01,0.1,0.85,15,0.2,0.95,"cc_pvalue_onesided_simple",0.3833,TRUE
53,4,2.5,0.01,0.1,0.85,20,0.2,0.95,"cc_pvalue_onesided_simple",0.5014,TRUE
54,4,2.5,0.01,0.1,0.85,30,0.2,0.95,"cc_pvalue_onesided_simple",0.6245,TRUE
55,4,2.5,0.01,0.1,0.85,50,0.2,0.95,"cc_pvalue_onesided_simple",0.7143,TRUE
56,4,2.5,0.01,0.1,0.85,1e+06,0.2,0.95,"cc_pvalue_onesided_simple",0.8308,TRUE
57,5,0.5,0.01,0.1,0.85,5,0.2,0.95,"cc_pvalue_onesided_simple",1,TRUE
58,5,1,0.01,0.1,0.85,5,0.2,0.95,"cc_pvalue_onesided_simple",1,TRUE
59,5,1.5,0.01,0.1,0.85,5,0.2,0.95,"cc_pvalue_onesided_simple",0.9702,TRUE
60,5,2,0.01,0.1,0.85,5,0.2,0.95,"cc_pvalue_onesided_simple",0.4265,TRUE
61,5,2.5,0.01,0.1,0.85,5,0.2,0.95,"cc_pvalue_onesided_simple",0.0287,TRUE
62,5,3,0.01,0.1,0.85,5,0.2,0.95,"cc_pvalue_onesided_simple",0.0504,TRUE
63,5,3.5,0.01,0.1,0.85,5,0.2,0.95,"cc_pvalue_onesided_simple",0.2942,TRUE
64,5,4,0.01,0.1,0.85,5,0.2,0.95,"cc_pvalue_onesided_simple",0.6806,TRUE
65,5,4.5,0.01,0.1,0.85,5,0.2,0.95,"cc_pvalue_onesided_simple",0.9243,TRUE
66,5,5,0.01,0.1,0.85,5,0.2,0.95,"cc_pvalue_onesided_simple",0.9887,TRUE
1,1,2.5,0.01,0.01,0.94,5,0.2,0.95,"cc_pvalue_twosided_general",0.0795,FALSE
2,1,2.5,0.01,0.02,0.93,5,0.2,0.95,"cc_pvalue_twosided_general",0.0745,FALSE
3,1,2.5,0.01,0.03,0.92,5,0.2,0.95,"cc_pvalue_twosided_general",0.0784,FALSE
4,1,2.5,0.01,0.04,0.91,5,0.2,0.95,"cc_pvalue_twosided_general",0.0816,FALSE
5,1,2.5,0.01,0.05,0.9,5,0.2,0.95,"cc_pvalue_twosided_general",0.0834,FALSE
6,1,2.5,0.01,0.06,0.89,5,0.2,0.95,"cc_pvalue_twosided_general",0.0815,FALSE
7,1,2.5,0.01,0.07,0.88,5,0.2,0.95,"cc_pvalue_twosided_general",0.0793,FALSE
8,1,2.5,0.01,0.08,0.87,5,0.2,0.95,"cc_pvalue_twosided_general",0.0803,FALSE
9,1,2.5,0.01,0.09,0.86,5,0.2,0.95,"cc_pvalue_twosided_general",0.0762,FALSE
10,1,2.5,0.01,0.1,0.85,5,0.2,0.95,"cc_pvalue_twosided_general",0.0728,FALSE
11,1,2.5,0.01,0.11,0.84,5,0.2,0.95,"cc_pvalue_twosided_general",0.0706,FALSE
12,1,2.5,0.01,0.12,0.83,5,0.2,0.95,"cc_pvalue_twosided_general",0.0664,FALSE
13,1,2.5,0.01,0.13,0.82,5,0.2,0.95,"cc_pvalue_twosided_general",0.0622,FALSE
14,1,2.5,0.01,0.14,0.81,5,0.2,0.95,"cc_pvalue_twosided_general",0.0568,FALSE
15,1,2.5,0.01,0.15,0.8,5,0.2,0.95,"cc_pvalue_twosided_general",0.0552,FALSE
16,1,2.5,0.01,0.16,0.79,5,0.2,0.95,"cc_pvalue_twosided_general",0.0524,FALSE
17,1,2.5,0.01,0.17,0.78,5,0.2,0.95,"cc_pvalue_twosided_general",0.0508,FALSE
18,1,2.5,0.01,0.18,0.77,5,0.2,0.95,"cc_pvalue_twosided_general",0.0503,FALSE
19,1,2.5,0.01,0.19,0.76,5,0.2,0.95,"cc_pvalue_twosided_general",0.049,FALSE
20,1,2.5,0.01,0.2,0.75,5,0.2,0.95,"cc_pvalue_twosided_general",0.05,FALSE
21,2,2.5,5e-04,0.1,0.85,5,0.01,0.95,"cc_pvalue_twosided_general",0.6907,FALSE
22,2,2.5,0.0025,0.1,0.85,5,0.05,0.95,"cc_pvalue_twosided_general",0.2172,FALSE
23,2,2.5,0.005,0.1,0.85,5,0.1,0.95,"cc_pvalue_twosided_general",0.0605,FALSE
24,2,2.5,0.00750000000000001,0.1,0.85,5,0.15,0.95,"cc_pvalue_twosided_general",0.0499,FALSE
25,2,2.5,0.01,0.1,0.85,5,0.2,0.95,"cc_pvalue_twosided_general",0.0728,FALSE
26,2,2.5,0.0125,0.1,0.85,5,0.25,0.95,"cc_pvalue_twosided_general",0.1004,FALSE
27,2,2.5,0.015,0.1,0.85,5,0.3,0.95,"cc_pvalue_twosided_general",0.1287,FALSE
28,2,2.5,0.0175,0.1,0.85,5,0.35,0.95,"cc_pvalue_twosided_general",0.15,FALSE
29,2,2.5,0.02,0.1,0.85,5,0.4,0.95,"cc_pvalue_twosided_general",0.1672,FALSE
30,2,2.5,0.0225,0.1,0.85,5,0.45,0.95,"cc_pvalue_twosided_general",0.1806,FALSE
31,2,2.5,0.025,0.1,0.85,5,0.5,0.95,"cc_pvalue_twosided_general",0.1947,FALSE
32,3,2.5,0.02,0.0947368421052632,0.805263157894737,5,0.2,0.9,"cc_pvalue_twosided_general",0.0872,FALSE
33,3,2.5,0.018,0.0957894736842105,0.814210526315789,5,0.2,0.91,"cc_pvalue_twosided_general",0.0847,FALSE
34,3,2.5,0.016,0.0968421052631579,0.823157894736842,5,0.2,0.92,"cc_pvalue_twosided_general",0.0828,FALSE
35,3,2.5,0.014,0.0978947368421053,0.832105263157895,5,0.2,0.93,"cc_pvalue_twosided_general",0.082,FALSE
36,3,2.5,0.012,0.0989473684210526,0.841052631578947,5,0.2,0.94,"cc_pvalue_twosided_general",0.0766,FALSE
37,3,2.5,0.00999999999999998,0.1,0.85,5,0.2,0.95,"cc_pvalue_twosided_general",0.0728,FALSE
38,3,2.5,0.008,0.101052631578947,0.858947368421053,5,0.2,0.96,"cc_pvalue_twosided_general",0.0678,FALSE
39,3,2.5,0.006,0.102105263157895,0.867894736842105,5,0.2,0.97,"cc_pvalue_twosided_general",0.0583,FALSE
40,3,2.5,0.004,0.103157894736842,0.876842105263158,5,0.2,0.98,"cc_pvalue_twosided_general",0.0486,FALSE
41,3,2.5,0.002,0.104210526315789,0.885789473684211,5,0.200000000000002,0.99,"cc_pvalue_twosided_general",0.0426,FALSE
42,3,2.5,0,0.105263157894737,0.894736842105263,5,NA,1,"cc_pvalue_twosided_general",0.0641,FALSE
43,4,2.5,0.01,0.1,0.85,3,0.2,0.95,"cc_pvalue_twosided_general",0.9142,FALSE
44,4,2.5,0.01,0.1,0.85,4,0.2,0.95,"cc_pvalue_twosided_general",0.3339,FALSE
45,4,2.5,0.01,0.1,0.85,5,0.2,0.95,"cc_pvalue_twosided_general",0.0728,FALSE
46,4,2.5,0.01,0.1,0.85,6,0.2,0.95,"cc_pvalue_twosided_general",0.0577,FALSE
47,4,2.5,0.01,0.1,0.85,7,0.2,0.95,"cc_pvalue_twosided_general",0.1435,FALSE
48,4,2.5,0.01,0.1,0.85,8,0.2,0.95,"cc_pvalue_twosided_general",0.2628,FALSE
49,4,2.5,0.01,0.1,0.85,9,0.2,0.95,"cc_pvalue_twosided_general",0.3823,FALSE
50,4,2.5,0.01,0.1,0.85,10,0.2,0.95,"cc_pvalue_twosided_general",0.4856,FALSE
51,4,2.5,0.01,0.1,0.85,12,0.2,0.95,"cc_pvalue_twosided_general",0.6369,FALSE
52,4,2.5,0.01,0.1,0.85,15,0.2,0.95,"cc_pvalue_twosided_general",0.7706,FALSE
53,4,2.5,0.01,0.1,0.85,20,0.2,0.95,"cc_pvalue_twosided_general",0.8694,FALSE
54,4,2.5,0.01,0.1,0.85,30,0.2,0.95,"cc_pvalue_twosided_general",0.9318,FALSE
55,4,2.5,0.01,0.1,0.85,50,0.2,0.95,"cc_pvalue_twosided_general",0.9636,FALSE
56,4,2.5,0.01,0.1,0.85,1e+06,0.2,0.95,"cc_pvalue_twosided_general",0.9853,FALSE
57,5,0.5,0.01,0.1,0.85,5,0.2,0.95,"cc_pvalue_twosided_general",0.1158,FALSE
58,5,1,0.01,0.1,0.85,5,0.2,0.95,"cc_pvalue_twosided_general",0.0966,FALSE
59,5,1.5,0.01,0.1,0.85,5,0.2,0.95,"cc_pvalue_twosided_general",0.0835,FALSE
60,5,2,0.01,0.1,0.85,5,0.2,0.95,"cc_pvalue_twosided_general",0.0774,FALSE
61,5,2.5,0.01,0.1,0.85,5,0.2,0.95,"cc_pvalue_twosided_general",0.0728,FALSE
62,5,3,0.01,0.1,0.85,5,0.2,0.95,"cc_pvalue_twosided_general",0.0714,FALSE
63,5,3.5,0.01,0.1,0.85,5,0.2,0.95,"cc_pvalue_twosided_general",0.0674,FALSE
64,5,4,0.01,0.1,0.85,5,0.2,0.95,"cc_pvalue_twosided_general",0.0648,FALSE
65,5,4.5,0.01,0.1,0.85,5,0.2,0.95,"cc_pvalue_twosided_general",0.0621,FALSE
66,5,5,0.01,0.1,0.85,5,0.2,0.95,"cc_pvalue_twosided_general",0.0591,FALSE
1,1,2.5,0.01,0.01,0.94,5,0.2,0.95,"cc_pvalue_onesided_general",0.1623,TRUE
2,1,2.5,0.01,0.02,0.93,5,0.2,0.95,"cc_pvalue_onesided_general",0.1484,TRUE
3,1,2.5,0.01,0.03,0.92,5,0.2,0.95,"cc_pvalue_onesided_general",0.1318,TRUE
4,1,2.5,0.01,0.04,0.91,5,0.2,0.95,"cc_pvalue_onesided_general",0.1117,TRUE
5,1,2.5,0.01,0.05,0.9,5,0.2,0.95,"cc_pvalue_onesided_general",0.0894,TRUE
6,1,2.5,0.01,0.06,0.89,5,0.2,0.95,"cc_pvalue_onesided_general",0.0687,TRUE
7,1,2.5,0.01,0.07,0.88,5,0.2,0.95,"cc_pvalue_onesided_general",0.0508,TRUE
8,1,2.5,0.01,0.08,0.87,5,0.2,0.95,"cc_pvalue_onesided_general",0.0376,TRUE
9,1,2.5,0.01,0.09,0.86,5,0.2,0.95,"cc_pvalue_onesided_general",0.026,TRUE
10,1,2.5,0.01,0.1,0.85,5,0.2,0.95,"cc_pvalue_onesided_general",0.0191,TRUE
11,1,2.5,0.01,0.11,0.84,5,0.2,0.95,"cc_pvalue_onesided_general",0.0146,TRUE
12,1,2.5,0.01,0.12,0.83,5,0.2,0.95,"cc_pvalue_onesided_general",0.0107,TRUE
13,1,2.5,0.01,0.13,0.82,5,0.2,0.95,"cc_pvalue_onesided_general",0.0086,TRUE
14,1,2.5,0.01,0.14,0.81,5,0.2,0.95,"cc_pvalue_onesided_general",0.0084,TRUE
15,1,2.5,0.01,0.15,0.8,5,0.2,0.95,"cc_pvalue_onesided_general",0.009,TRUE
16,1,2.5,0.01,0.16,0.79,5,0.2,0.95,"cc_pvalue_onesided_general",0.0114,TRUE
17,1,2.5,0.01,0.17,0.78,5,0.2,0.95,"cc_pvalue_onesided_general",0.0165,TRUE
18,1,2.5,0.01,0.18,0.77,5,0.2,0.95,"cc_pvalue_onesided_general",0.025,TRUE
19,1,2.5,0.01,0.19,0.76,5,0.2,0.95,"cc_pvalue_onesided_general",0.0395,TRUE
20,1,2.5,0.01,0.2,0.75,5,0.2,0.95,"cc_pvalue_onesided_general",0.0573,TRUE
21,2,2.5,5e-04,0.1,0.85,5,0.01,0.95,"cc_pvalue_onesided_general",1,TRUE
22,2,2.5,0.0025,0.1,0.85,5,0.05,0.95,"cc_pvalue_onesided_general",0.9936,TRUE
23,2,2.5,0.005,0.1,0.85,5,0.1,0.95,"cc_pvalue_onesided_general",0.4637,TRUE
24,2,2.5,0.00750000000000001,0.1,0.85,5,0.15,0.95,"cc_pvalue_onesided_general",0.0326,TRUE
25,2,2.5,0.01,0.1,0.85,5,0.2,0.95,"cc_pvalue_onesided_general",0.0191,TRUE
26,2,2.5,0.0125,0.1,0.85,5,0.25,0.95,"cc_pvalue_onesided_general",0.192,TRUE
27,2,2.5,0.015,0.1,0.85,5,0.3,0.95,"cc_pvalue_onesided_general",0.5474,TRUE
28,2,2.5,0.0175,0.1,0.85,5,0.35,0.95,"cc_pvalue_onesided_general",0.835,TRUE
29,2,2.5,0.02,0.1,0.85,5,0.4,0.95,"cc_pvalue_onesided_general",0.9571,TRUE
30,2,2.5,0.0225,0.1,0.85,5,0.45,0.95,"cc_pvalue_onesided_general",0.9923,TRUE
31,2,2.5,0.025,0.1,0.85,5,0.5,0.95,"cc_pvalue_onesided_general",0.9992,TRUE
32,3,2.5,0.02,0.0947368421052632,0.805263157894737,5,0.2,0.9,"cc_pvalue_onesided_general",0.0779,TRUE
33,3,2.5,0.018,0.0957894736842105,0.814210526315789,5,0.2,0.91,"cc_pvalue_onesided_general",0.0658,TRUE
34,3,2.5,0.016,0.0968421052631579,0.823157894736842,5,0.2,0.92,"cc_pvalue_onesided_general",0.055,TRUE
35,3,2.5,0.014,0.0978947368421053,0.832105263157895,5,0.2,0.93,"cc_pvalue_onesided_general",0.0423,TRUE
36,3,2.5,0.012,0.0989473684210526,0.841052631578947,5,0.2,0.94,"cc_pvalue_onesided_general",0.0309,TRUE
37,3,2.5,0.00999999999999998,0.1,0.85,5,0.2,0.95,"cc_pvalue_onesided_general",0.0191,TRUE
38,3,2.5,0.008,0.101052631578947,0.858947368421053,5,0.2,0.96,"cc_pvalue_onesided_general",0.0114,TRUE
39,3,2.5,0.006,0.102105263157895,0.867894736842105,5,0.2,0.97,"cc_pvalue_onesided_general",0.0064,TRUE
40,3,2.5,0.004,0.103157894736842,0.876842105263158,5,0.2,0.98,"cc_pvalue_onesided_general",0.0073,TRUE
41,3,2.5,0.002,0.104210526315789,0.885789473684211,5,0.200000000000002,0.99,"cc_pvalue_onesided_general",0.028,TRUE
42,3,2.5,0,0.105263157894737,0.894736842105263,5,NA,1,"cc_pvalue_onesided_general",0.2173,TRUE
43,4,2.5,0.01,0.1,0.85,3,0.2,0.95,"cc_pvalue_onesided_general",0,TRUE
44,4,2.5,0.01,0.1,0.85,4,0.2,0.95,"cc_pvalue_onesided_general",0.0079,TRUE
45,4,2.5,0.01,0.1,0.85,5,0.2,0.95,"cc_pvalue_onesided_general",0.0191,TRUE
46,4,2.5,0.01,0.1,0.85,6,0.2,0.95,"cc_pvalue_onesided_general",0.0264,TRUE
47,4,2.5,0.01,0.1,0.85,7,0.2,0.95,"cc_pvalue_onesided_general",0.0409,TRUE
48,4,2.5,0.01,0.1,0.85,8,0.2,0.95,"cc_pvalue_onesided_general",0.0637,TRUE
49,4,2.5,0.01,0.1,0.85,9,0.2,0.95,"cc_pvalue_onesided_general",0.0931,TRUE
50,4,2.5,0.01,0.1,0.85,10,0.2,0.95,"cc_pvalue_onesided_general",0.1276,TRUE
51,4,2.5,0.01,0.1,0.85,12,0.2,0.95,"cc_pvalue_onesided_general",0.2013,TRUE
52,4,2.5,0.01,0.1,0.85,15,0.2,0.95,"cc_pvalue_onesided_general",0.2997,TRUE
53,4,2.5,0.01,0.1,0.85,20,0.2,0.95,"cc_pvalue_onesided_general",0.4134,TRUE
54,4,2.5,0.01,0.1,0.85,30,0.2,0.95,"cc_pvalue_onesided_general",0.5378,TRUE
55,4,2.5,0.01,0.1,0.85,50,0.2,0.95,"cc_pvalue_onesided_general",0.6356,TRUE
56,4,2.5,0.01,0.1,0.85,1e+06,0.2,0.95,"cc_pvalue_onesided_general",0.767,TRUE
57,5,0.5,0.01,0.1,0.85,5,0.2,0.95,"cc_pvalue_onesided_general",1,TRUE
58,5,1,0.01,0.1,0.85,5,0.2,0.95,"cc_pvalue_onesided_general",1,TRUE
59,5,1.5,0.01,0.1,0.85,5,0.2,0.95,"cc_pvalue_onesided_general",0.9508,TRUE
60,5,2,0.01,0.1,0.85,5,0.2,0.95,"cc_pvalue_onesided_general",0.3509,TRUE
61,5,2.5,0.01,0.1,0.85,5,0.2,0.95,"cc_pvalue_onesided_general",0.0191,TRUE
62,5,3,0.01,0.1,0.85,5,0.2,0.95,"cc_pvalue_onesided_general",0.0283,TRUE
63,5,3.5,0.01,0.1,0.85,5,0.2,0.95,"cc_pvalue_onesided_general",0.2284,TRUE
64,5,4,0.01,0.1,0.85,5,0.2,0.95,"cc_pvalue_onesided_general",0.6058,TRUE
65,5,4.5,0.01,0.1,0.85,5,0.2,0.95,"cc_pvalue_onesided_general",0.8943,TRUE
66,5,5,0.01,0.1,0.85,5,0.2,0.95,"cc_pvalue_onesided_general",0.9817,TRUE
1,1,2.5,0.01,0.01,0.94,5,0.2,0.95,"esr1_pvalue_twosided_asymptotic",0.7374,FALSE
2,1,2.5,0.01,0.02,0.93,5,0.2,0.95,"esr1_pvalue_twosided_asymptotic",0.5798,FALSE
3,1,2.5,0.01,0.03,0.92,5,0.2,0.95,"esr1_pvalue_twosided_asymptotic",0.4373,FALSE
4,1,2.5,0.01,0.04,0.91,5,0.2,0.95,"esr1_pvalue_twosided_asymptotic",0.3151,FALSE
5,1,2.5,0.01,0.05,0.9,5,0.2,0.95,"esr1_pvalue_twosided_asymptotic",0.2269,FALSE
6,1,2.5,0.01,0.06,0.89,5,0.2,0.95,"esr1_pvalue_twosided_asymptotic",0.1633,FALSE
7,1,2.5,0.01,0.07,0.88,5,0.2,0.95,"esr1_pvalue_twosided_asymptotic",0.121,FALSE
8,1,2.5,0.01,0.08,0.87,5,0.2,0.95,"esr1_pvalue_twosided_asymptotic",0.0935,FALSE
9,1,2.5,0.01,0.09,0.86,5,0.2,0.95,"esr1_pvalue_twosided_asymptotic",0.0774,FALSE
10,1,2.5,0.01,0.1,0.85,5,0.2,0.95,"esr1_pvalue_twosided_asymptotic",0.0702,FALSE
11,1,2.5,0.01,0.11,0.84,5,0.2,0.95,"esr1_pvalue_twosided_asymptotic",0.07,FALSE
12,1,2.5,0.01,0.12,0.83,5,0.2,0.95,"esr1_pvalue_twosided_asymptotic",0.0808,FALSE
13,1,2.5,0.01,0.13,0.82,5,0.2,0.95,"esr1_pvalue_twosided_asymptotic",0.1004,FALSE
14,1,2.5,0.01,0.14,0.81,5,0.2,0.95,"esr1_pvalue_twosided_asymptotic",0.1269,FALSE
15,1,2.5,0.01,0.15,0.8,5,0.2,0.95,"esr1_pvalue_twosided_asymptotic",0.1594,FALSE
16,1,2.5,0.01,0.16,0.79,5,0.2,0.95,"esr1_pvalue_twosided_asymptotic",0.1969,FALSE
17,1,2.5,0.01,0.17,0.78,5,0.2,0.95,"esr1_pvalue_twosided_asymptotic",0.2428,FALSE
18,1,2.5,0.01,0.18,0.77,5,0.2,0.95,"esr1_pvalue_twosided_asymptotic",0.2937,FALSE
19,1,2.5,0.01,0.19,0.76,5,0.2,0.95,"esr1_pvalue_twosided_asymptotic",0.3475,FALSE
20,1,2.5,0.01,0.2,0.75,5,0.2,0.95,"esr1_pvalue_twosided_asymptotic",0.4093,FALSE
21,2,2.5,5e-04,0.1,0.85,5,0.01,0.95,"esr1_pvalue_twosided_asymptotic",0.9998,FALSE
22,2,2.5,0.0025,0.1,0.85,5,0.05,0.95,"esr1_pvalue_twosided_asymptotic",0.9893,FALSE
23,2,2.5,0.005,0.1,0.85,5,0.1,0.95,"esr1_pvalue_twosided_asymptotic",0.6031,FALSE
24,2,2.5,0.00750000000000001,0.1,0.85,5,0.15,0.95,"esr1_pvalue_twosided_asymptotic",0.1019,FALSE
25,2,2.5,0.01,0.1,0.85,5,0.2,0.95,"esr1_pvalue_twosided_asymptotic",0.0702,FALSE
26,2,2.5,0.0125,0.1,0.85,5,0.25,0.95,"esr1_pvalue_twosided_asymptotic",0.2361,FALSE
27,2,2.5,0.015,0.1,0.85,5,0.3,0.95,"esr1_pvalue_twosided_asymptotic",0.5057,FALSE
28,2,2.5,0.0175,0.1,0.85,5,0.35,0.95,"esr1_pvalue_twosided_asymptotic",0.7397,FALSE
29,2,2.5,0.02,0.1,0.85,5,0.4,0.95,"esr1_pvalue_twosided_asymptotic",0.8767,FALSE
30,2,2.5,0.0225,0.1,0.85,5,0.45,0.95,"esr1_pvalue_twosided_asymptotic",0.9439,FALSE
31,2,2.5,0.025,0.1,0.85,5,0.5,0.95,"esr1_pvalue_twosided_asymptotic",0.9758,FALSE
32,3,2.5,0.02,0.0947368421052632,0.805263157894737,5,0.2,0.9,"esr1_pvalue_twosided_asymptotic",0.1763,FALSE
33,3,2.5,0.018,0.0957894736842105,0.814210526315789,5,0.2,0.91,"esr1_pvalue_twosided_asymptotic",0.1485,FALSE
34,3,2.5,0.016,0.0968421052631579,0.823157894736842,5,0.2,0.92,"esr1_pvalue_twosided_asymptotic",0.1241,FALSE
35,3,2.5,0.014,0.0978947368421053,0.832105263157895,5,0.2,0.93,"esr1_pvalue_twosided_asymptotic",0.1024,FALSE
36,3,2.5,0.012,0.0989473684210526,0.841052631578947,5,0.2,0.94,"esr1_pvalue_twosided_asymptotic",0.0829,FALSE
37,3,2.5,0.00999999999999998,0.1,0.85,5,0.2,0.95,"esr1_pvalue_twosided_asymptotic",0.0702,FALSE
38,3,2.5,0.008,0.101052631578947,0.858947368421053,5,0.2,0.96,"esr1_pvalue_twosided_asymptotic",0.069,FALSE
39,3,2.5,0.006,0.102105263157895,0.867894736842105,5,0.2,0.97,"esr1_pvalue_twosided_asymptotic",0.0975,FALSE
40,3,2.5,0.004,0.103157894736842,0.876842105263158,5,0.2,0.98,"esr1_pvalue_twosided_asymptotic",0.1698,FALSE
41,3,2.5,0.002,0.104210526315789,0.885789473684211,5,0.200000000000002,0.99,"esr1_pvalue_twosided_asymptotic",0.3342,FALSE
42,3,2.5,0,0.105263157894737,0.894736842105263,5,NA,1,"esr1_pvalue_twosided_asymptotic",0.6335,FALSE
43,4,2.5,0.01,0.1,0.85,3,0.2,0.95,"esr1_pvalue_twosided_asymptotic",0.3205,FALSE
44,4,2.5,0.01,0.1,0.85,4,0.2,0.95,"esr1_pvalue_twosided_asymptotic",0.1705,FALSE
45,4,2.5,0.01,0.1,0.85,5,0.2,0.95,"esr1_pvalue_twosided_asymptotic",0.0702,FALSE
46,4,2.5,0.01,0.1,0.85,6,0.2,0.95,"esr1_pvalue_twosided_asymptotic",0.042,FALSE
47,4,2.5,0.01,0.1,0.85,7,0.2,0.95,"esr1_pvalue_twosided_asymptotic",0.0502,FALSE
48,4,2.5,0.01,0.1,0.85,8,0.2,0.95,"esr1_pvalue_twosided_asymptotic",0.0775,FALSE
49,4,2.5,0.01,0.1,0.85,9,0.2,0.95,"esr1_pvalue_twosided_asymptotic",0.1105,FALSE
50,4,2.5,0.01,0.1,0.85,10,0.2,0.95,"esr1_pvalue_twosided_asymptotic",0.1471,FALSE
51,4,2.5,0.01,0.1,0.85,12,0.2,0.95,"esr1_pvalue_twosided_asymptotic",0.2207,FALSE
52,4,2.5,0.01,0.1,0.85,15,0.2,0.95,"esr1_pvalue_twosided_asymptotic",0.3199,FALSE
53,4,2.5,0.01,0.1,0.85,20,0.2,0.95,"esr1_pvalue_twosided_asymptotic",0.427,FALSE
54,4,2.5,0.01,0.1,0.85,30,0.2,0.95,"esr1_pvalue_twosided_asymptotic",0.5374,FALSE
55,4,2.5,0.01,0.1,0.85,50,0.2,0.95,"esr1_pvalue_twosided_asymptotic",0.6225,FALSE
56,4,2.5,0.01,0.1,0.85,1e+06,0.2,0.95,"esr1_pvalue_twosided_asymptotic",0.7495,FALSE
57,5,0.5,0.01,0.1,0.85,5,0.2,0.95,"esr1_pvalue_twosided_asymptotic",0.9997,FALSE
58,5,1,0.01,0.1,0.85,5,0.2,0.95,"esr1_pvalue_twosided_asymptotic",0.9766,FALSE
59,5,1.5,0.01,0.1,0.85,5,0.2,0.95,"esr1_pvalue_twosided_asymptotic",0.7349,FALSE
60,5,2,0.01,0.1,0.85,5,0.2,0.95,"esr1_pvalue_twosided_asymptotic",0.2909,FALSE
61,5,2.5,0.01,0.1,0.85,5,0.2,0.95,"esr1_pvalue_twosided_asymptotic",0.0702,FALSE
62,5,3,0.01,0.1,0.85,5,0.2,0.95,"esr1_pvalue_twosided_asymptotic",0.0581,FALSE
63,5,3.5,0.01,0.1,0.85,5,0.2,0.95,"esr1_pvalue_twosided_asymptotic",0.2304,FALSE
64,5,4,0.01,0.1,0.85,5,0.2,0.95,"esr1_pvalue_twosided_asymptotic",0.5516,FALSE
65,5,4.5,0.01,0.1,0.85,5,0.2,0.95,"esr1_pvalue_twosided_asymptotic",0.8288,FALSE
66,5,5,0.01,0.1,0.85,5,0.2,0.95,"esr1_pvalue_twosided_asymptotic",0.9558,FALSE
1,1,2.5,0.01,0.01,0.94,5,0.2,0.95,"esr2_pvalue_twosided_asymptotic",0.7377,FALSE
2,1,2.5,0.01,0.02,0.93,5,0.2,0.95,"esr2_pvalue_twosided_asymptotic",0.5805,FALSE
3,1,2.5,0.01,0.03,0.92,5,0.2,0.95,"esr2_pvalue_twosided_asymptotic",0.4384,FALSE
4,1,2.5,0.01,0.04,0.91,5,0.2,0.95,"esr2_pvalue_twosided_asymptotic",0.3149,FALSE
5,1,2.5,0.01,0.05,0.9,5,0.2,0.95,"esr2_pvalue_twosided_asymptotic",0.2272,FALSE
6,1,2.5,0.01,0.06,0.89,5,0.2,0.95,"esr2_pvalue_twosided_asymptotic",0.1636,FALSE
7,1,2.5,0.01,0.07,0.88,5,0.2,0.95,"esr2_pvalue_twosided_asymptotic",0.1206,FALSE
8,1,2.5,0.01,0.08,0.87,5,0.2,0.95,"esr2_pvalue_twosided_asymptotic",0.0933,FALSE
9,1,2.5,0.01,0.09,0.86,5,0.2,0.95,"esr2_pvalue_twosided_asymptotic",0.0774,FALSE
10,1,2.5,0.01,0.1,0.85,5,0.2,0.95,"esr2_pvalue_twosided_asymptotic",0.0705,FALSE
11,1,2.5,0.01,0.11,0.84,5,0.2,0.95,"esr2_pvalue_twosided_asymptotic",0.0695,FALSE
12,1,2.5,0.01,0.12,0.83,5,0.2,0.95,"esr2_pvalue_twosided_asymptotic",0.0802,FALSE
13,1,2.5,0.01,0.13,0.82,5,0.2,0.95,"esr2_pvalue_twosided_asymptotic",0.0999,FALSE
14,1,2.5,0.01,0.14,0.81,5,0.2,0.95,"esr2_pvalue_twosided_asymptotic",0.1266,FALSE
15,1,2.5,0.01,0.15,0.8,5,0.2,0.95,"esr2_pvalue_twosided_asymptotic",0.159,FALSE
16,1,2.5,0.01,0.16,0.79,5,0.2,0.95,"esr2_pvalue_twosided_asymptotic",0.1967,FALSE
17,1,2.5,0.01,0.17,0.78,5,0.2,0.95,"esr2_pvalue_twosided_asymptotic",0.2426,FALSE
18,1,2.5,0.01,0.18,0.77,5,0.2,0.95,"esr2_pvalue_twosided_asymptotic",0.2935,FALSE
19,1,2.5,0.01,0.19,0.76,5,0.2,0.95,"esr2_pvalue_twosided_asymptotic",0.3476,FALSE
20,1,2.5,0.01,0.2,0.75,5,0.2,0.95,"esr2_pvalue_twosided_asymptotic",0.4086,FALSE
21,2,2.5,5e-04,0.1,0.85,5,0.01,0.95,"esr2_pvalue_twosided_asymptotic",0.9998,FALSE
22,2,2.5,0.0025,0.1,0.85,5,0.05,0.95,"esr2_pvalue_twosided_asymptotic",0.9895,FALSE
23,2,2.5,0.005,0.1,0.85,5,0.1,0.95,"esr2_pvalue_twosided_asymptotic",0.6039,FALSE
24,2,2.5,0.00750000000000001,0.1,0.85,5,0.15,0.95,"esr2_pvalue_twosided_asymptotic",0.1021,FALSE
25,2,2.5,0.01,0.1,0.85,5,0.2,0.95,"esr2_pvalue_twosided_asymptotic",0.0705,FALSE
26,2,2.5,0.0125,0.1,0.85,5,0.25,0.95,"esr2_pvalue_twosided_asymptotic",0.2356,FALSE
27,2,2.5,0.015,0.1,0.85,5,0.3,0.95,"esr2_pvalue_twosided_asymptotic",0.5046,FALSE
28,2,2.5,0.0175,0.1,0.85,5,0.35,0.95,"esr2_pvalue_twosided_asymptotic",0.7402,FALSE
29,2,2.5,0.02,0.1,0.85,5,0.4,0.95,"esr2_pvalue_twosided_asymptotic",0.8764,FALSE
30,2,2.5,0.0225,0.1,0.85,5,0.45,0.95,"esr2_pvalue_twosided_asymptotic",0.9437,FALSE
31,2,2.5,0.025,0.1,0.85,5,0.5,0.95,"esr2_pvalue_twosided_asymptotic",0.9762,FALSE
32,3,2.5,0.02,0.0947368421052632,0.805263157894737,5,0.2,0.9,"esr2_pvalue_twosided_asymptotic",0.1749,FALSE
33,3,2.5,0.018,0.0957894736842105,0.814210526315789,5,0.2,0.91,"esr2_pvalue_twosided_asymptotic",0.1479,FALSE
34,3,2.5,0.016,0.0968421052631579,0.823157894736842,5,0.2,0.92,"esr2_pvalue_twosided_asymptotic",0.1238,FALSE
35,3,2.5,0.014,0.0978947368421053,0.832105263157895,5,0.2,0.93,"esr2_pvalue_twosided_asymptotic",0.1015,FALSE
36,3,2.5,0.012,0.0989473684210526,0.841052631578947,5,0.2,0.94,"esr2_pvalue_twosided_asymptotic",0.0827,FALSE
37,3,2.5,0.00999999999999998,0.1,0.85,5,0.2,0.95,"esr2_pvalue_twosided_asymptotic",0.0705,FALSE
38,3,2.5,0.008,0.101052631578947,0.858947368421053,5,0.2,0.96,"esr2_pvalue_twosided_asymptotic",0.069,FALSE
39,3,2.5,0.006,0.102105263157895,0.867894736842105,5,0.2,0.97,"esr2_pvalue_twosided_asymptotic",0.0976,FALSE
40,3,2.5,0.004,0.103157894736842,0.876842105263158,5,0.2,0.98,"esr2_pvalue_twosided_asymptotic",0.1697,FALSE
41,3,2.5,0.002,0.104210526315789,0.885789473684211,5,0.200000000000002,0.99,"esr2_pvalue_twosided_asymptotic",0.3341,FALSE
42,3,2.5,0,0.105263157894737,0.894736842105263,5,NA,1,"esr2_pvalue_twosided_asymptotic",0.6334,FALSE
43,4,2.5,0.01,0.1,0.85,3,0.2,0.95,"esr2_pvalue_twosided_asymptotic",0.321,FALSE
44,4,2.5,0.01,0.1,0.85,4,0.2,0.95,"esr2_pvalue_twosided_asymptotic",0.1712,FALSE
45,4,2.5,0.01,0.1,0.85,5,0.2,0.95,"esr2_pvalue_twosided_asymptotic",0.0705,FALSE
46,4,2.5,0.01,0.1,0.85,6,0.2,0.95,"esr2_pvalue_twosided_asymptotic",0.0423,FALSE
47,4,2.5,0.01,0.1,0.85,7,0.2,0.95,"esr2_pvalue_twosided_asymptotic",0.0504,FALSE
48,4,2.5,0.01,0.1,0.85,8,0.2,0.95,"esr2_pvalue_twosided_asymptotic",0.0778,FALSE
49,4,2.5,0.01,0.1,0.85,9,0.2,0.95,"esr2_pvalue_twosided_asymptotic",0.1111,FALSE
50,4,2.5,0.01,0.1,0.85,10,0.2,0.95,"esr2_pvalue_twosided_asymptotic",0.1477,FALSE
51,4,2.5,0.01,0.1,0.85,12,0.2,0.95,"esr2_pvalue_twosided_asymptotic",0.2209,FALSE
52,4,2.5,0.01,0.1,0.85,15,0.2,0.95,"esr2_pvalue_twosided_asymptotic",0.3197,FALSE
53,4,2.5,0.01,0.1,0.85,20,0.2,0.95,"esr2_pvalue_twosided_asymptotic",0.4267,FALSE
54,4,2.5,0.01,0.1,0.85,30,0.2,0.95,"esr2_pvalue_twosided_asymptotic",0.5372,FALSE
55,4,2.5,0.01,0.1,0.85,50,0.2,0.95,"esr2_pvalue_twosided_asymptotic",0.6232,FALSE
56,4,2.5,0.01,0.1,0.85,1e+06,0.2,0.95,"esr2_pvalue_twosided_asymptotic",0.7499,FALSE
57,5,0.5,0.01,0.1,0.85,5,0.2,0.95,"esr2_pvalue_twosided_asymptotic",0.9997,FALSE
58,5,1,0.01,0.1,0.85,5,0.2,0.95,"esr2_pvalue_twosided_asymptotic",0.9763,FALSE
59,5,1.5,0.01,0.1,0.85,5,0.2,0.95,"esr2_pvalue_twosided_asymptotic",0.7354,FALSE
60,5,2,0.01,0.1,0.85,5,0.2,0.95,"esr2_pvalue_twosided_asymptotic",0.2915,FALSE
61,5,2.5,0.01,0.1,0.85,5,0.2,0.95,"esr2_pvalue_twosided_asymptotic",0.0705,FALSE
62,5,3,0.01,0.1,0.85,5,0.2,0.95,"esr2_pvalue_twosided_asymptotic",0.0578,FALSE
63,5,3.5,0.01,0.1,0.85,5,0.2,0.95,"esr2_pvalue_twosided_asymptotic",0.2302,FALSE
64,5,4,0.01,0.1,0.85,5,0.2,0.95,"esr2_pvalue_twosided_asymptotic",0.5509,FALSE
65,5,4.5,0.01,0.1,0.85,5,0.2,0.95,"esr2_pvalue_twosided_asymptotic",0.8294,FALSE
66,5,5,0.01,0.1,0.85,5,0.2,0.95,"esr2_pvalue_twosided_asymptotic",0.9561,FALSE
1,1,2.5,0.01,0.01,0.94,5,0.2,0.95,"esr3_pvalue_twosided_asymptotic",0.2527,FALSE
2,1,2.5,0.01,0.02,0.93,5,0.2,0.95,"esr3_pvalue_twosided_asymptotic",0.2307,FALSE
3,1,2.5,0.01,0.03,0.92,5,0.2,0.95,"esr3_pvalue_twosided_asymptotic",0.2071,FALSE
4,1,2.5,0.01,0.04,0.91,5,0.2,0.95,"esr3_pvalue_twosided_asymptotic",0.1824,FALSE
5,1,2.5,0.01,0.05,0.9,5,0.2,0.95,"esr3_pvalue_twosided_asymptotic",0.1587,FALSE
6,1,2.5,0.01,0.06,0.89,5,0.2,0.95,"esr3_pvalue_twosided_asymptotic",0.1346,FALSE
7,1,2.5,0.01,0.07,0.88,5,0.2,0.95,"esr3_pvalue_twosided_asymptotic",0.1154,FALSE
8,1,2.5,0.01,0.08,0.87,5,0.2,0.95,"esr3_pvalue_twosided_asymptotic",0.098,FALSE
9,1,2.5,0.01,0.09,0.86,5,0.2,0.95,"esr3_pvalue_twosided_asymptotic",0.0827,FALSE
10,1,2.5,0.01,0.1,0.85,5,0.2,0.95,"esr3_pvalue_twosided_asymptotic",0.0678,FALSE
11,1,2.5,0.01,0.11,0.84,5,0.2,0.95,"esr3_pvalue_twosided_asymptotic",0.0558,FALSE
12,1,2.5,0.01,0.12,0.83,5,0.2,0.95,"esr3_pvalue_twosided_asymptotic",0.048,FALSE
13,1,2.5,0.01,0.13,0.82,5,0.2,0.95,"esr3_pvalue_twosided_asymptotic",0.0417,FALSE
14,1,2.5,0.01,0.14,0.81,5,0.2,0.95,"esr3_pvalue_twosided_asymptotic",0.0362,FALSE
15,1,2.5,0.01,0.15,0.8,5,0.2,0.95,"esr3_pvalue_twosided_asymptotic",0.0327,FALSE
16,1,2.5,0.01,0.16,0.79,5,0.2,0.95,"esr3_pvalue_twosided_asymptotic",0.0308,FALSE
17,1,2.5,0.01,0.17,0.78,5,0.2,0.95,"esr3_pvalue_twosided_asymptotic",0.0301,FALSE
18,1,2.5,0.01,0.18,0.77,5,0.2,0.95,"esr3_pvalue_twosided_asymptotic",0.0287,FALSE
19,1,2.5,0.01,0.19,0.76,5,0.2,0.95,"esr3_pvalue_twosided_asymptotic",0.0315,FALSE
20,1,2.5,0.01,0.2,0.75,5,0.2,0.95,"esr3_pvalue_twosided_asymptotic",0.0337,FALSE
21,2,2.5,5e-04,0.1,0.85,5,0.01,0.95,"esr3_pvalue_twosided_asymptotic",0.9987,FALSE
22,2,2.5,0.0025,0.1,0.85,5,0.05,0.95,"esr3_pvalue_twosided_asymptotic",0.9454,FALSE
23,2,2.5,0.005,0.1,0.85,5,0.1,0.95,"esr3_pvalue_twosided_asymptotic",0.4571,FALSE
24,2,2.5,0.00750000000000001,0.1,0.85,5,0.15,0.95,"esr3_pvalue_twosided_asymptotic",0.0792,FALSE
25,2,2.5,0.01,0.1,0.85,5,0.2,0.95,"esr3_pvalue_twosided_asymptotic",0.0678,FALSE
26,2,2.5,0.0125,0.1,0.85,5,0.25,0.95,"esr3_pvalue_twosided_asymptotic",0.2574,FALSE
27,2,2.5,0.015,0.1,0.85,5,0.3,0.95,"esr3_pvalue_twosided_asymptotic",0.5183,FALSE
28,2,2.5,0.0175,0.1,0.85,5,0.35,0.95,"esr3_pvalue_twosided_asymptotic",0.7379,FALSE
29,2,2.5,0.02,0.1,0.85,5,0.4,0.95,"esr3_pvalue_twosided_asymptotic",0.8658,FALSE
30,2,2.5,0.0225,0.1,0.85,5,0.45,0.95,"esr3_pvalue_twosided_asymptotic",0.9334,FALSE
31,2,2.5,0.025,0.1,0.85,5,0.5,0.95,"esr3_pvalue_twosided_asymptotic",0.9677,FALSE
32,3,2.5,0.02,0.0947368421052632,0.805263157894737,5,0.2,0.9,"esr3_pvalue_twosided_asymptotic",0.1487,FALSE
33,3,2.5,0.018,0.0957894736842105,0.814210526315789,5,0.2,0.91,"esr3_pvalue_twosided_asymptotic",0.1347,FALSE
34,3,2.5,0.016,0.0968421052631579,0.823157894736842,5,0.2,0.92,"esr3_pvalue_twosided_asymptotic",0.1199,FALSE
35,3,2.5,0.014,0.0978947368421053,0.832105263157895,5,0.2,0.93,"esr3_pvalue_twosided_asymptotic",0.1055,FALSE
36,3,2.5,0.012,0.0989473684210526,0.841052631578947,5,0.2,0.94,"esr3_pvalue_twosided_asymptotic",0.0869,FALSE
37,3,2.5,0.00999999999999998,0.1,0.85,5,0.2,0.95,"esr3_pvalue_twosided_asymptotic",0.0678,FALSE
38,3,2.5,0.008,0.101052631578947,0.858947368421053,5,0.2,0.96,"esr3_pvalue_twosided_asymptotic",0.049,FALSE
39,3,2.5,0.006,0.102105263157895,0.867894736842105,5,0.2,0.97,"esr3_pvalue_twosided_asymptotic",0.0346,FALSE
40,3,2.5,0.004,0.103157894736842,0.876842105263158,5,0.2,0.98,"esr3_pvalue_twosided_asymptotic",0.0221,FALSE
41,3,2.5,0.002,0.104210526315789,0.885789473684211,5,0.200000000000002,0.99,"esr3_pvalue_twosided_asymptotic",0.0188,FALSE
42,3,2.5,0,0.105263157894737,0.894736842105263,5,NA,1,"esr3_pvalue_twosided_asymptotic",0.0248,FALSE
43,4,2.5,0.01,0.1,0.85,3,0.2,0.95,"esr3_pvalue_twosided_asymptotic",0.3471,FALSE
44,4,2.5,0.01,0.1,0.85,4,0.2,0.95,"esr3_pvalue_twosided_asymptotic",0.1816,FALSE
45,4,2.5,0.01,0.1,0.85,5,0.2,0.95,"esr3_pvalue_twosided_asymptotic",0.0678,FALSE
46,4,2.5,0.01,0.1,0.85,6,0.2,0.95,"esr3_pvalue_twosided_asymptotic",0.0478,FALSE
47,4,2.5,0.01,0.1,0.85,7,0.2,0.95,"esr3_pvalue_twosided_asymptotic",0.0733,FALSE
48,4,2.5,0.01,0.1,0.85,8,0.2,0.95,"esr3_pvalue_twosided_asymptotic",0.116,FALSE
49,4,2.5,0.01,0.1,0.85,9,0.2,0.95,"esr3_pvalue_twosided_asymptotic",0.1704,FALSE
50,4,2.5,0.01,0.1,0.85,10,0.2,0.95,"esr3_pvalue_twosided_asymptotic",0.2284,FALSE
51,4,2.5,0.01,0.1,0.85,12,0.2,0.95,"esr3_pvalue_twosided_asymptotic",0.3241,FALSE
52,4,2.5,0.01,0.1,0.85,15,0.2,0.95,"esr3_pvalue_twosided_asymptotic",0.4301,FALSE
53,4,2.5,0.01,0.1,0.85,20,0.2,0.95,"esr3_pvalue_twosided_asymptotic",0.5449,FALSE
54,4,2.5,0.01,0.1,0.85,30,0.2,0.95,"esr3_pvalue_twosided_asymptotic",0.6603,FALSE
55,4,2.5,0.01,0.1,0.85,50,0.2,0.95,"esr3_pvalue_twosided_asymptotic",0.737,FALSE
56,4,2.5,0.01,0.1,0.85,1e+06,0.2,0.95,"esr3_pvalue_twosided_asymptotic",0.8396,FALSE
57,5,0.5,0.01,0.1,0.85,5,0.2,0.95,"esr3_pvalue_twosided_asymptotic",0.9995,FALSE
58,5,1,0.01,0.1,0.85,5,0.2,0.95,"esr3_pvalue_twosided_asymptotic",0.981,FALSE
59,5,1.5,0.01,0.1,0.85,5,0.2,0.95,"esr3_pvalue_twosided_asymptotic",0.7686,FALSE
60,5,2,0.01,0.1,0.85,5,0.2,0.95,"esr3_pvalue_twosided_asymptotic",0.3179,FALSE
61,5,2.5,0.01,0.1,0.85,5,0.2,0.95,"esr3_pvalue_twosided_asymptotic",0.0678,FALSE
62,5,3,0.01,0.1,0.85,5,0.2,0.95,"esr3_pvalue_twosided_asymptotic",0.0858,FALSE
63,5,3.5,0.01,0.1,0.85,5,0.2,0.95,"esr3_pvalue_twosided_asymptotic",0.3357,FALSE
64,5,4,0.01,0.1,0.85,5,0.2,0.95,"esr3_pvalue_twosided_asymptotic",0.6723,FALSE
65,5,4.5,0.01,0.1,0.85,5,0.2,0.95,"esr3_pvalue_twosided_asymptotic",0.8973,FALSE
66,5,5,0.01,0.1,0.85,5,0.2,0.95,"esr3_pvalue_twosided_asymptotic",0.9775,FALSE
1,1,2.5,0.01,0.01,0.94,5,0.2,0.95,"esr3_pvalue_onesided_asymptotic",0.0216,TRUE
2,1,2.5,0.01,0.02,0.93,5,0.2,0.95,"esr3_pvalue_onesided_asymptotic",0.0159,TRUE
3,1,2.5,0.01,0.03,0.92,5,0.2,0.95,"esr3_pvalue_onesided_asymptotic",0.0139,TRUE
4,1,2.5,0.01,0.04,0.91,5,0.2,0.95,"esr3_pvalue_onesided_asymptotic",0.0128,TRUE
5,1,2.5,0.01,0.05,0.9,5,0.2,0.95,"esr3_pvalue_onesided_asymptotic",0.0124,TRUE
6,1,2.5,0.01,0.06,0.89,5,0.2,0.95,"esr3_pvalue_onesided_asymptotic",0.0125,TRUE
7,1,2.5,0.01,0.07,0.88,5,0.2,0.95,"esr3_pvalue_onesided_asymptotic",0.013,TRUE
8,1,2.5,0.01,0.08,0.87,5,0.2,0.95,"esr3_pvalue_onesided_asymptotic",0.0141,TRUE
9,1,2.5,0.01,0.09,0.86,5,0.2,0.95,"esr3_pvalue_onesided_asymptotic",0.0159,TRUE
10,1,2.5,0.01,0.1,0.85,5,0.2,0.95,"esr3_pvalue_onesided_asymptotic",0.0182,TRUE
11,1,2.5,0.01,0.11,0.84,5,0.2,0.95,"esr3_pvalue_onesided_asymptotic",0.0213,TRUE
12,1,2.5,0.01,0.12,0.83,5,0.2,0.95,"esr3_pvalue_onesided_asymptotic",0.025,TRUE
13,1,2.5,0.01,0.13,0.82,5,0.2,0.95,"esr3_pvalue_onesided_asymptotic",0.0293,TRUE
14,1,2.5,0.01,0.14,0.81,5,0.2,0.95,"esr3_pvalue_onesided_asymptotic",0.034,TRUE
15,1,2.5,0.01,0.15,0.8,5,0.2,0.95,"esr3_pvalue_onesided_asymptotic",0.0398,TRUE
16,1,2.5,0.01,0.16,0.79,5,0.2,0.95,"esr3_pvalue_onesided_asymptotic",0.0436,TRUE
17,1,2.5,0.01,0.17,0.78,5,0.2,0.95,"esr3_pvalue_onesided_asymptotic",0.0492,TRUE
18,1,2.5,0.01,0.18,0.77,5,0.2,0.95,"esr3_pvalue_onesided_asymptotic",0.0562,TRUE
19,1,2.5,0.01,0.19,0.76,5,0.2,0.95,"esr3_pvalue_onesided_asymptotic",0.0635,TRUE
20,1,2.5,0.01,0.2,0.75,5,0.2,0.95,"esr3_pvalue_onesided_asymptotic",0.0716,TRUE
21,2,2.5,5e-04,0.1,0.85,5,0.01,0.95,"esr3_pvalue_onesided_asymptotic",0.9996,TRUE
22,2,2.5,0.0025,0.1,0.85,5,0.05,0.95,"esr3_pvalue_onesided_asymptotic",0.9804,TRUE
23,2,2.5,0.005,0.1,0.85,5,0.1,0.95,"esr3_pvalue_onesided_asymptotic",0.6335,TRUE
24,2,2.5,0.00750000000000001,0.1,0.85,5,0.15,0.95,"esr3_pvalue_onesided_asymptotic",0.1547,TRUE
25,2,2.5,0.01,0.1,0.85,5,0.2,0.95,"esr3_pvalue_onesided_asymptotic",0.0182,TRUE
26,2,2.5,0.0125,0.1,0.85,5,0.25,0.95,"esr3_pvalue_onesided_asymptotic",0.0021,TRUE
27,2,2.5,0.015,0.1,0.85,5,0.3,0.95,"esr3_pvalue_onesided_asymptotic",4e-04,TRUE
28,2,2.5,0.0175,0.1,0.85,5,0.35,0.95,"esr3_pvalue_onesided_asymptotic",0,TRUE
29,2,2.5,0.02,0.1,0.85,5,0.4,0.95,"esr3_pvalue_onesided_asymptotic",0,TRUE
30,2,2.5,0.0225,0.1,0.85,5,0.45,0.95,"esr3_pvalue_onesided_asymptotic",0,TRUE
31,2,2.5,0.025,0.1,0.85,5,0.5,0.95,"esr3_pvalue_onesided_asymptotic",0,TRUE
32,3,2.5,0.02,0.0947368421052632,0.805263157894737,5,0.2,0.9,"esr3_pvalue_onesided_asymptotic",0.0161,TRUE
33,3,2.5,0.018,0.0957894736842105,0.814210526315789,5,0.2,0.91,"esr3_pvalue_onesided_asymptotic",0.0161,TRUE
34,3,2.5,0.016,0.0968421052631579,0.823157894736842,5,0.2,0.92,"esr3_pvalue_onesided_asymptotic",0.0157,TRUE
35,3,2.5,0.014,0.0978947368421053,0.832105263157895,5,0.2,0.93,"esr3_pvalue_onesided_asymptotic",0.0165,TRUE
36,3,2.5,0.012,0.0989473684210526,0.841052631578947,5,0.2,0.94,"esr3_pvalue_onesided_asymptotic",0.0166,TRUE
37,3,2.5,0.00999999999999998,0.1,0.85,5,0.2,0.95,"esr3_pvalue_onesided_asymptotic",0.0182,TRUE
38,3,2.5,0.008,0.101052631578947,0.858947368421053,5,0.2,0.96,"esr3_pvalue_onesided_asymptotic",0.0207,TRUE
39,3,2.5,0.006,0.102105263157895,0.867894736842105,5,0.2,0.97,"esr3_pvalue_onesided_asymptotic",0.0246,TRUE
40,3,2.5,0.004,0.103157894736842,0.876842105263158,5,0.2,0.98,"esr3_pvalue_onesided_asymptotic",0.0308,TRUE
41,3,2.5,0.002,0.104210526315789,0.885789473684211,5,0.200000000000002,0.99,"esr3_pvalue_onesided_asymptotic",0.0432,TRUE
42,3,2.5,0,0.105263157894737,0.894736842105263,5,NA,1,"esr3_pvalue_onesided_asymptotic",0.0698,TRUE
43,4,2.5,0.01,0.1,0.85,3,0.2,0.95,"esr3_pvalue_onesided_asymptotic",5e-04,TRUE
44,4,2.5,0.01,0.1,0.85,4,0.2,0.95,"esr3_pvalue_onesided_asymptotic",0.0026,TRUE
45,4,2.5,0.01,0.1,0.85,5,0.2,0.95,"esr3_pvalue_onesided_asymptotic",0.0182,TRUE
46,4,2.5,0.01,0.1,0.85,6,0.2,0.95,"esr3_pvalue_onesided_asymptotic",0.064,TRUE
47,4,2.5,0.01,0.1,0.85,7,0.2,0.95,"esr3_pvalue_onesided_asymptotic",0.1323,TRUE
48,4,2.5,0.01,0.1,0.85,8,0.2,0.95,"esr3_pvalue_onesided_asymptotic",0.2127,TRUE
49,4,2.5,0.01,0.1,0.85,9,0.2,0.95,"esr3_pvalue_onesided_asymptotic",0.2901,TRUE
50,4,2.5,0.01,0.1,0.85,10,0.2,0.95,"esr3_pvalue_onesided_asymptotic",0.3592,TRUE
51,4,2.5,0.01,0.1,0.85,12,0.2,0.95,"esr3_pvalue_onesided_asymptotic",0.4701,TRUE
52,4,2.5,0.01,0.1,0.85,15,0.2,0.95,"esr3_pvalue_onesided_asymptotic",0.5891,TRUE
53,4,2.5,0.01,0.1,0.85,20,0.2,0.95,"esr3_pvalue_onesided_asymptotic",0.6974,TRUE
54,4,2.5,0.01,0.1,0.85,30,0.2,0.95,"esr3_pvalue_onesided_asymptotic",0.7908,TRUE
55,4,2.5,0.01,0.1,0.85,50,0.2,0.95,"esr3_pvalue_onesided_asymptotic",0.8519,TRUE
56,4,2.5,0.01,0.1,0.85,1e+06,0.2,0.95,"esr3_pvalue_onesided_asymptotic",0.9157,TRUE
57,5,0.5,0.01,0.1,0.85,5,0.2,0.95,"esr3_pvalue_onesided_asymptotic",0,TRUE
58,5,1,0.01,0.1,0.85,5,0.2,0.95,"esr3_pvalue_onesided_asymptotic",0,TRUE
59,5,1.5,0.01,0.1,0.85,5,0.2,0.95,"esr3_pvalue_onesided_asymptotic",0,TRUE
60,5,2,0.01,0.1,0.85,5,0.2,0.95,"esr3_pvalue_onesided_asymptotic",7e-04,TRUE
61,5,2.5,0.01,0.1,0.85,5,0.2,0.95,"esr3_pvalue_onesided_asymptotic",0.0182,TRUE
62,5,3,0.01,0.1,0.85,5,0.2,0.95,"esr3_pvalue_onesided_asymptotic",0.1575,TRUE
63,5,3.5,0.01,0.1,0.85,5,0.2,0.95,"esr3_pvalue_onesided_asymptotic",0.4817,TRUE
64,5,4,0.01,0.1,0.85,5,0.2,0.95,"esr3_pvalue_onesided_asymptotic",0.801,TRUE
65,5,4.5,0.01,0.1,0.85,5,0.2,0.95,"esr3_pvalue_onesided_asymptotic",0.95,TRUE
66,5,5,0.01,0.1,0.85,5,0.2,0.95,"esr3_pvalue_onesided_asymptotic",0.9901,TRUE
1,1,2.5,0.01,0.01,0.94,5,0.2,0.95,"esr1_misspec_pvalue_twosided_asymptotic",0.7018,FALSE
2,1,2.5,0.01,0.02,0.93,5,0.2,0.95,"esr1_misspec_pvalue_twosided_asymptotic",0.5545,FALSE
3,1,2.5,0.01,0.03,0.92,5,0.2,0.95,"esr1_misspec_pvalue_twosided_asymptotic",0.4174,FALSE
4,1,2.5,0.01,0.04,0.91,5,0.2,0.95,"esr1_misspec_pvalue_twosided_asymptotic",0.2925,FALSE
5,1,2.5,0.01,0.05,0.9,5,0.2,0.95,"esr1_misspec_pvalue_twosided_asymptotic",0.206,FALSE
6,1,2.5,0.01,0.06,0.89,5,0.2,0.95,"esr1_misspec_pvalue_twosided_asymptotic",0.1428,FALSE
7,1,2.5,0.01,0.07,0.88,5,0.2,0.95,"esr1_misspec_pvalue_twosided_asymptotic",0.1006,FALSE
8,1,2.5,0.01,0.08,0.87,5,0.2,0.95,"esr1_misspec_pvalue_twosided_asymptotic",0.0725,FALSE
9,1,2.5,0.01,0.09,0.86,5,0.2,0.95,"esr1_misspec_pvalue_twosided_asymptotic",0.0557,FALSE
10,1,2.5,0.01,0.1,0.85,5,0.2,0.95,"esr1_misspec_pvalue_twosided_asymptotic",0.0472,FALSE
11,1,2.5,0.01,0.11,0.84,5,0.2,0.95,"esr1_misspec_pvalue_twosided_asymptotic",0.0464,FALSE
12,1,2.5,0.01,0.12,0.83,5,0.2,0.95,"esr1_misspec_pvalue_twosided_asymptotic",0.0527,FALSE
13,1,2.5,0.01,0.13,0.82,5,0.2,0.95,"esr1_misspec_pvalue_twosided_asymptotic",0.0664,FALSE
14,1,2.5,0.01,0.14,0.81,5,0.2,0.95,"esr1_misspec_pvalue_twosided_asymptotic",0.0865,FALSE
15,1,2.5,0.01,0.15,0.8,5,0.2,0.95,"esr1_misspec_pvalue_twosided_asymptotic",0.1143,FALSE
16,1,2.5,0.01,0.16,0.79,5,0.2,0.95,"esr1_misspec_pvalue_twosided_asymptotic",0.1477,FALSE
17,1,2.5,0.01,0.17,0.78,5,0.2,0.95,"esr1_misspec_pvalue_twosided_asymptotic",0.1881,FALSE
18,1,2.5,0.01,0.18,0.77,5,0.2,0.95,"esr1_misspec_pvalue_twosided_asymptotic",0.239,FALSE
19,1,2.5,0.01,0.19,0.76,5,0.2,0.95,"esr1_misspec_pvalue_twosided_asymptotic",0.2889,FALSE
20,1,2.5,0.01,0.2,0.75,5,0.2,0.95,"esr1_misspec_pvalue_twosided_asymptotic",0.3469,FALSE
21,2,2.5,5e-04,0.1,0.85,5,0.01,0.95,"esr1_misspec_pvalue_twosided_asymptotic",0.9981,FALSE
22,2,2.5,0.0025,0.1,0.85,5,0.05,0.95,"esr1_misspec_pvalue_twosided_asymptotic",0.9778,FALSE
23,2,2.5,0.005,0.1,0.85,5,0.1,0.95,"esr1_misspec_pvalue_twosided_asymptotic",0.553,FALSE
24,2,2.5,0.00750000000000001,0.1,0.85,5,0.15,0.95,"esr1_misspec_pvalue_twosided_asymptotic",0.081,FALSE
25,2,2.5,0.01,0.1,0.85,5,0.2,0.95,"esr1_misspec_pvalue_twosided_asymptotic",0.0472,FALSE
26,2,2.5,0.0125,0.1,0.85,5,0.25,0.95,"esr1_misspec_pvalue_twosided_asymptotic",0.1975,FALSE
27,2,2.5,0.015,0.1,0.85,5,0.3,0.95,"esr1_misspec_pvalue_twosided_asymptotic",0.4668,FALSE
28,2,2.5,0.0175,0.1,0.85,5,0.35,0.95,"esr1_misspec_pvalue_twosided_asymptotic",0.7118,FALSE
29,2,2.5,0.02,0.1,0.85,5,0.4,0.95,"esr1_misspec_pvalue_twosided_asymptotic",0.8652,FALSE
30,2,2.5,0.0225,0.1,0.85,5,0.45,0.95,"esr1_misspec_pvalue_twosided_asymptotic",0.939,FALSE
31,2,2.5,0.025,0.1,0.85,5,0.5,0.95,"esr1_misspec_pvalue_twosided_asymptotic",0.9737,FALSE
32,3,2.5,0.02,0.0947368421052632,0.805263157894737,5,0.2,0.9,"esr1_misspec_pvalue_twosided_asymptotic",0.1546,FALSE
33,3,2.5,0.018,0.0957894736842105,0.814210526315789,5,0.2,0.91,"esr1_misspec_pvalue_twosided_asymptotic",0.1265,FALSE
34,3,2.5,0.016,0.0968421052631579,0.823157894736842,5,0.2,0.92,"esr1_misspec_pvalue_twosided_asymptotic",0.1022,FALSE
35,3,2.5,0.014,0.0978947368421053,0.832105263157895,5,0.2,0.93,"esr1_misspec_pvalue_twosided_asymptotic",0.0798,FALSE
36,3,2.5,0.012,0.0989473684210526,0.841052631578947,5,0.2,0.94,"esr1_misspec_pvalue_twosided_asymptotic",0.0616,FALSE
37,3,2.5,0.00999999999999998,0.1,0.85,5,0.2,0.95,"esr1_misspec_pvalue_twosided_asymptotic",0.0472,FALSE
38,3,2.5,0.008,0.101052631578947,0.858947368421053,5,0.2,0.96,"esr1_misspec_pvalue_twosided_asymptotic",0.045,FALSE
39,3,2.5,0.006,0.102105263157895,0.867894736842105,5,0.2,0.97,"esr1_misspec_pvalue_twosided_asymptotic",0.0648,FALSE
40,3,2.5,0.004,0.103157894736842,0.876842105263158,5,0.2,0.98,"esr1_misspec_pvalue_twosided_asymptotic",0.1285,FALSE
41,3,2.5,0.002,0.104210526315789,0.885789473684211,5,0.200000000000002,0.99,"esr1_misspec_pvalue_twosided_asymptotic",0.2846,FALSE
42,3,2.5,0,0.105263157894737,0.894736842105263,5,NA,1,"esr1_misspec_pvalue_twosided_asymptotic",0.5789,FALSE
43,4,2.5,0.01,0.1,0.85,3,0.2,0.95,"esr1_misspec_pvalue_twosided_asymptotic",0.269,FALSE
44,4,2.5,0.01,0.1,0.85,4,0.2,0.95,"esr1_misspec_pvalue_twosided_asymptotic",0.1317,FALSE
45,4,2.5,0.01,0.1,0.85,5,0.2,0.95,"esr1_misspec_pvalue_twosided_asymptotic",0.0472,FALSE
46,4,2.5,0.01,0.1,0.85,6,0.2,0.95,"esr1_misspec_pvalue_twosided_asymptotic",0.0276,FALSE
47,4,2.5,0.01,0.1,0.85,7,0.2,0.95,"esr1_misspec_pvalue_twosided_asymptotic",0.0362,FALSE
48,4,2.5,0.01,0.1,0.85,8,0.2,0.95,"esr1_misspec_pvalue_twosided_asymptotic",0.0623,FALSE
49,4,2.5,0.01,0.1,0.85,9,0.2,0.95,"esr1_misspec_pvalue_twosided_asymptotic",0.0934,FALSE
50,4,2.5,0.01,0.1,0.85,10,0.2,0.95,"esr1_misspec_pvalue_twosided_asymptotic",0.1262,FALSE
51,4,2.5,0.01,0.1,0.85,12,0.2,0.95,"esr1_misspec_pvalue_twosided_asymptotic",0.1916,FALSE
52,4,2.5,0.01,0.1,0.85,15,0.2,0.95,"esr1_misspec_pvalue_twosided_asymptotic",0.2825,FALSE
53,4,2.5,0.01,0.1,0.85,20,0.2,0.95,"esr1_misspec_pvalue_twosided_asymptotic",0.3867,FALSE
54,4,2.5,0.01,0.1,0.85,30,0.2,0.95,"esr1_misspec_pvalue_twosided_asymptotic",0.4955,FALSE
55,4,2.5,0.01,0.1,0.85,50,0.2,0.95,"esr1_misspec_pvalue_twosided_asymptotic",0.5823,FALSE
56,4,2.5,0.01,0.1,0.85,1e+06,0.2,0.95,"esr1_misspec_pvalue_twosided_asymptotic",0.7047,FALSE
57,5,0.5,0.01,0.1,0.85,5,0.2,0.95,"esr1_misspec_pvalue_twosided_asymptotic",0.9996,FALSE
58,5,1,0.01,0.1,0.85,5,0.2,0.95,"esr1_misspec_pvalue_twosided_asymptotic",0.9715,FALSE
59,5,1.5,0.01,0.1,0.85,5,0.2,0.95,"esr1_misspec_pvalue_twosided_asymptotic",0.6937,FALSE
60,5,2,0.01,0.1,0.85,5,0.2,0.95,"esr1_misspec_pvalue_twosided_asymptotic",0.2422,FALSE
61,5,2.5,0.01,0.1,0.85,5,0.2,0.95,"esr1_misspec_pvalue_twosided_asymptotic",0.0472,FALSE
62,5,3,0.01,0.1,0.85,5,0.2,0.95,"esr1_misspec_pvalue_twosided_asymptotic",0.0441,FALSE
63,5,3.5,0.01,0.1,0.85,5,0.2,0.95,"esr1_misspec_pvalue_twosided_asymptotic",0.2016,FALSE
64,5,4,0.01,0.1,0.85,5,0.2,0.95,"esr1_misspec_pvalue_twosided_asymptotic",0.5089,FALSE
65,5,4.5,0.01,0.1,0.85,5,0.2,0.95,"esr1_misspec_pvalue_twosided_asymptotic",0.7943,FALSE
66,5,5,0.01,0.1,0.85,5,0.2,0.95,"esr1_misspec_pvalue_twosided_asymptotic",0.9398,FALSE
1,1,2.5,0.01,0.01,0.94,5,0.2,0.95,"esr2_misspec_pvalue_twosided_asymptotic",0.7014,FALSE
2,1,2.5,0.01,0.02,0.93,5,0.2,0.95,"esr2_misspec_pvalue_twosided_asymptotic",0.5552,FALSE
3,1,2.5,0.01,0.03,0.92,5,0.2,0.95,"esr2_misspec_pvalue_twosided_asymptotic",0.418,FALSE
4,1,2.5,0.01,0.04,0.91,5,0.2,0.95,"esr2_misspec_pvalue_twosided_asymptotic",0.2929,FALSE
5,1,2.5,0.01,0.05,0.9,5,0.2,0.95,"esr2_misspec_pvalue_twosided_asymptotic",0.2052,FALSE
6,1,2.5,0.01,0.06,0.89,5,0.2,0.95,"esr2_misspec_pvalue_twosided_asymptotic",0.1426,FALSE
7,1,2.5,0.01,0.07,0.88,5,0.2,0.95,"esr2_misspec_pvalue_twosided_asymptotic",0.1008,FALSE
8,1,2.5,0.01,0.08,0.87,5,0.2,0.95,"esr2_misspec_pvalue_twosided_asymptotic",0.0726,FALSE
9,1,2.5,0.01,0.09,0.86,5,0.2,0.95,"esr2_misspec_pvalue_twosided_asymptotic",0.056,FALSE
10,1,2.5,0.01,0.1,0.85,5,0.2,0.95,"esr2_misspec_pvalue_twosided_asymptotic",0.0471,FALSE
11,1,2.5,0.01,0.11,0.84,5,0.2,0.95,"esr2_misspec_pvalue_twosided_asymptotic",0.0464,FALSE
12,1,2.5,0.01,0.12,0.83,5,0.2,0.95,"esr2_misspec_pvalue_twosided_asymptotic",0.0529,FALSE
13,1,2.5,0.01,0.13,0.82,5,0.2,0.95,"esr2_misspec_pvalue_twosided_asymptotic",0.0665,FALSE
14,1,2.5,0.01,0.14,0.81,5,0.2,0.95,"esr2_misspec_pvalue_twosided_asymptotic",0.0871,FALSE
15,1,2.5,0.01,0.15,0.8,5,0.2,0.95,"esr2_misspec_pvalue_twosided_asymptotic",0.114,FALSE
16,1,2.5,0.01,0.16,0.79,5,0.2,0.95,"esr2_misspec_pvalue_twosided_asymptotic",0.1474,FALSE
17,1,2.5,0.01,0.17,0.78,5,0.2,0.95,"esr2_misspec_pvalue_twosided_asymptotic",0.1884,FALSE
18,1,2.5,0.01,0.18,0.77,5,0.2,0.95,"esr2_misspec_pvalue_twosided_asymptotic",0.2389,FALSE
19,1,2.5,0.01,0.19,0.76,5,0.2,0.95,"esr2_misspec_pvalue_twosided_asymptotic",0.2886,FALSE
20,1,2.5,0.01,0.2,0.75,5,0.2,0.95,"esr2_misspec_pvalue_twosided_asymptotic",0.3464,FALSE
21,2,2.5,5e-04,0.1,0.85,5,0.01,0.95,"esr2_misspec_pvalue_twosided_asymptotic",0.9981,FALSE
22,2,2.5,0.0025,0.1,0.85,5,0.05,0.95,"esr2_misspec_pvalue_twosided_asymptotic",0.9779,FALSE
23,2,2.5,0.005,0.1,0.85,5,0.1,0.95,"esr2_misspec_pvalue_twosided_asymptotic",0.5522,FALSE
24,2,2.5,0.00750000000000001,0.1,0.85,5,0.15,0.95,"esr2_misspec_pvalue_twosided_asymptotic",0.0808,FALSE
25,2,2.5,0.01,0.1,0.85,5,0.2,0.95,"esr2_misspec_pvalue_twosided_asymptotic",0.0471,FALSE
26,2,2.5,0.0125,0.1,0.85,5,0.25,0.95,"esr2_misspec_pvalue_twosided_asymptotic",0.1967,FALSE
27,2,2.5,0.015,0.1,0.85,5,0.3,0.95,"esr2_misspec_pvalue_twosided_asymptotic",0.4668,FALSE
28,2,2.5,0.0175,0.1,0.85,5,0.35,0.95,"esr2_misspec_pvalue_twosided_asymptotic",0.7118,FALSE
29,2,2.5,0.02,0.1,0.85,5,0.4,0.95,"esr2_misspec_pvalue_twosided_asymptotic",0.8656,FALSE
30,2,2.5,0.0225,0.1,0.85,5,0.45,0.95,"esr2_misspec_pvalue_twosided_asymptotic",0.939,FALSE
31,2,2.5,0.025,0.1,0.85,5,0.5,0.95,"esr2_misspec_pvalue_twosided_asymptotic",0.9737,FALSE
32,3,2.5,0.02,0.0947368421052632,0.805263157894737,5,0.2,0.9,"esr2_misspec_pvalue_twosided_asymptotic",0.1548,FALSE
33,3,2.5,0.018,0.0957894736842105,0.814210526315789,5,0.2,0.91,"esr2_misspec_pvalue_twosided_asymptotic",0.127,FALSE
34,3,2.5,0.016,0.0968421052631579,0.823157894736842,5,0.2,0.92,"esr2_misspec_pvalue_twosided_asymptotic",0.1016,FALSE
35,3,2.5,0.014,0.0978947368421053,0.832105263157895,5,0.2,0.93,"esr2_misspec_pvalue_twosided_asymptotic",0.0805,FALSE
36,3,2.5,0.012,0.0989473684210526,0.841052631578947,5,0.2,0.94,"esr2_misspec_pvalue_twosided_asymptotic",0.0617,FALSE
37,3,2.5,0.00999999999999998,0.1,0.85,5,0.2,0.95,"esr2_misspec_pvalue_twosided_asymptotic",0.0471,FALSE
38,3,2.5,0.008,0.101052631578947,0.858947368421053,5,0.2,0.96,"esr2_misspec_pvalue_twosided_asymptotic",0.0455,FALSE
39,3,2.5,0.006,0.102105263157895,0.867894736842105,5,0.2,0.97,"esr2_misspec_pvalue_twosided_asymptotic",0.0648,FALSE
40,3,2.5,0.004,0.103157894736842,0.876842105263158,5,0.2,0.98,"esr2_misspec_pvalue_twosided_asymptotic",0.1283,FALSE
41,3,2.5,0.002,0.104210526315789,0.885789473684211,5,0.200000000000002,0.99,"esr2_misspec_pvalue_twosided_asymptotic",0.284,FALSE
42,3,2.5,0,0.105263157894737,0.894736842105263,5,NA,1,"esr2_misspec_pvalue_twosided_asymptotic",0.5777,FALSE
43,4,2.5,0.01,0.1,0.85,3,0.2,0.95,"esr2_misspec_pvalue_twosided_asymptotic",0.2696,FALSE
44,4,2.5,0.01,0.1,0.85,4,0.2,0.95,"esr2_misspec_pvalue_twosided_asymptotic",0.132,FALSE
45,4,2.5,0.01,0.1,0.85,5,0.2,0.95,"esr2_misspec_pvalue_twosided_asymptotic",0.0471,FALSE
46,4,2.5,0.01,0.1,0.85,6,0.2,0.95,"esr2_misspec_pvalue_twosided_asymptotic",0.0277,FALSE
47,4,2.5,0.01,0.1,0.85,7,0.2,0.95,"esr2_misspec_pvalue_twosided_asymptotic",0.0362,FALSE
48,4,2.5,0.01,0.1,0.85,8,0.2,0.95,"esr2_misspec_pvalue_twosided_asymptotic",0.0625,FALSE
49,4,2.5,0.01,0.1,0.85,9,0.2,0.95,"esr2_misspec_pvalue_twosided_asymptotic",0.0931,FALSE
50,4,2.5,0.01,0.1,0.85,10,0.2,0.95,"esr2_misspec_pvalue_twosided_asymptotic",0.1265,FALSE
51,4,2.5,0.01,0.1,0.85,12,0.2,0.95,"esr2_misspec_pvalue_twosided_asymptotic",0.1925,FALSE
52,4,2.5,0.01,0.1,0.85,15,0.2,0.95,"esr2_misspec_pvalue_twosided_asymptotic",0.2825,FALSE
53,4,2.5,0.01,0.1,0.85,20,0.2,0.95,"esr2_misspec_pvalue_twosided_asymptotic",0.3865,FALSE
54,4,2.5,0.01,0.1,0.85,30,0.2,0.95,"esr2_misspec_pvalue_twosided_asymptotic",0.495,FALSE
55,4,2.5,0.01,0.1,0.85,50,0.2,0.95,"esr2_misspec_pvalue_twosided_asymptotic",0.5831,FALSE
56,4,2.5,0.01,0.1,0.85,1e+06,0.2,0.95,"esr2_misspec_pvalue_twosided_asymptotic",0.705,FALSE
57,5,0.5,0.01,0.1,0.85,5,0.2,0.95,"esr2_misspec_pvalue_twosided_asymptotic",0.9996,FALSE
58,5,1,0.01,0.1,0.85,5,0.2,0.95,"esr2_misspec_pvalue_twosided_asymptotic",0.9714,FALSE
59,5,1.5,0.01,0.1,0.85,5,0.2,0.95,"esr2_misspec_pvalue_twosided_asymptotic",0.6937,FALSE
60,5,2,0.01,0.1,0.85,5,0.2,0.95,"esr2_misspec_pvalue_twosided_asymptotic",0.2425,FALSE
61,5,2.5,0.01,0.1,0.85,5,0.2,0.95,"esr2_misspec_pvalue_twosided_asymptotic",0.0471,FALSE
62,5,3,0.01,0.1,0.85,5,0.2,0.95,"esr2_misspec_pvalue_twosided_asymptotic",0.0437,FALSE
63,5,3.5,0.01,0.1,0.85,5,0.2,0.95,"esr2_misspec_pvalue_twosided_asymptotic",0.201,FALSE
64,5,4,0.01,0.1,0.85,5,0.2,0.95,"esr2_misspec_pvalue_twosided_asymptotic",0.5085,FALSE
65,5,4.5,0.01,0.1,0.85,5,0.2,0.95,"esr2_misspec_pvalue_twosided_asymptotic",0.7942,FALSE
66,5,5,0.01,0.1,0.85,5,0.2,0.95,"esr2_misspec_pvalue_twosided_asymptotic",0.939,FALSE
1,1,2.5,0.01,0.01,0.94,5,0.2,0.95,"esr3_misspec_pvalue_twosided_asymptotic",0.2157,FALSE
2,1,2.5,0.01,0.02,0.93,5,0.2,0.95,"esr3_misspec_pvalue_twosided_asymptotic",0.1959,FALSE
3,1,2.5,0.01,0.03,0.92,5,0.2,0.95,"esr3_misspec_pvalue_twosided_asymptotic",0.1754,FALSE
4,1,2.5,0.01,0.04,0.91,5,0.2,0.95,"esr3_misspec_pvalue_twosided_asymptotic",0.1505,FALSE
5,1,2.5,0.01,0.05,0.9,5,0.2,0.95,"esr3_misspec_pvalue_twosided_asymptotic",0.1305,FALSE
6,1,2.5,0.01,0.06,0.89,5,0.2,0.95,"esr3_misspec_pvalue_twosided_asymptotic",0.1076,FALSE
7,1,2.5,0.01,0.07,0.88,5,0.2,0.95,"esr3_misspec_pvalue_twosided_asymptotic",0.0908,FALSE
8,1,2.5,0.01,0.08,0.87,5,0.2,0.95,"esr3_misspec_pvalue_twosided_asymptotic",0.0773,FALSE
9,1,2.5,0.01,0.09,0.86,5,0.2,0.95,"esr3_misspec_pvalue_twosided_asymptotic",0.0646,FALSE
10,1,2.5,0.01,0.1,0.85,5,0.2,0.95,"esr3_misspec_pvalue_twosided_asymptotic",0.0525,FALSE
11,1,2.5,0.01,0.11,0.84,5,0.2,0.95,"esr3_misspec_pvalue_twosided_asymptotic",0.0424,FALSE
12,1,2.5,0.01,0.12,0.83,5,0.2,0.95,"esr3_misspec_pvalue_twosided_asymptotic",0.036,FALSE
13,1,2.5,0.01,0.13,0.82,5,0.2,0.95,"esr3_misspec_pvalue_twosided_asymptotic",0.0289,FALSE
14,1,2.5,0.01,0.14,0.81,5,0.2,0.95,"esr3_misspec_pvalue_twosided_asymptotic",0.0247,FALSE
15,1,2.5,0.01,0.15,0.8,5,0.2,0.95,"esr3_misspec_pvalue_twosided_asymptotic",0.0219,FALSE
16,1,2.5,0.01,0.16,0.79,5,0.2,0.95,"esr3_misspec_pvalue_twosided_asymptotic",0.0194,FALSE
17,1,2.5,0.01,0.17,0.78,5,0.2,0.95,"esr3_misspec_pvalue_twosided_asymptotic",0.0174,FALSE
18,1,2.5,0.01,0.18,0.77,5,0.2,0.95,"esr3_misspec_pvalue_twosided_asymptotic",0.0161,FALSE
19,1,2.5,0.01,0.19,0.76,5,0.2,0.95,"esr3_misspec_pvalue_twosided_asymptotic",0.018,FALSE
20,1,2.5,0.01,0.2,0.75,5,0.2,0.95,"esr3_misspec_pvalue_twosided_asymptotic",0.0196,FALSE
21,2,2.5,5e-04,0.1,0.85,5,0.01,0.95,"esr3_misspec_pvalue_twosided_asymptotic",0.9885,FALSE
22,2,2.5,0.0025,0.1,0.85,5,0.05,0.95,"esr3_misspec_pvalue_twosided_asymptotic",0.8988,FALSE
23,2,2.5,0.005,0.1,0.85,5,0.1,0.95,"esr3_misspec_pvalue_twosided_asymptotic",0.3745,FALSE
24,2,2.5,0.00750000000000001,0.1,0.85,5,0.15,0.95,"esr3_misspec_pvalue_twosided_asymptotic",0.0565,FALSE
25,2,2.5,0.01,0.1,0.85,5,0.2,0.95,"esr3_misspec_pvalue_twosided_asymptotic",0.0525,FALSE
26,2,2.5,0.0125,0.1,0.85,5,0.25,0.95,"esr3_misspec_pvalue_twosided_asymptotic",0.2182,FALSE
27,2,2.5,0.015,0.1,0.85,5,0.3,0.95,"esr3_misspec_pvalue_twosided_asymptotic",0.4674,FALSE
28,2,2.5,0.0175,0.1,0.85,5,0.35,0.95,"esr3_misspec_pvalue_twosided_asymptotic",0.6921,FALSE
29,2,2.5,0.02,0.1,0.85,5,0.4,0.95,"esr3_misspec_pvalue_twosided_asymptotic",0.83,FALSE
30,2,2.5,0.0225,0.1,0.85,5,0.45,0.95,"esr3_misspec_pvalue_twosided_asymptotic",0.9058,FALSE
31,2,2.5,0.025,0.1,0.85,5,0.5,0.95,"esr3_misspec_pvalue_twosided_asymptotic",0.9491,FALSE
32,3,2.5,0.02,0.0947368421052632,0.805263157894737,5,0.2,0.9,"esr3_misspec_pvalue_twosided_asymptotic",0.1199,FALSE
33,3,2.5,0.018,0.0957894736842105,0.814210526315789,5,0.2,0.91,"esr3_misspec_pvalue_twosided_asymptotic",0.1081,FALSE
34,3,2.5,0.016,0.0968421052631579,0.823157894736842,5,0.2,0.92,"esr3_misspec_pvalue_twosided_asymptotic",0.0953,FALSE
35,3,2.5,0.014,0.0978947368421053,0.832105263157895,5,0.2,0.93,"esr3_misspec_pvalue_twosided_asymptotic",0.0827,FALSE
36,3,2.5,0.012,0.0989473684210526,0.841052631578947,5,0.2,0.94,"esr3_misspec_pvalue_twosided_asymptotic",0.0691,FALSE
37,3,2.5,0.00999999999999998,0.1,0.85,5,0.2,0.95,"esr3_misspec_pvalue_twosided_asymptotic",0.0525,FALSE
38,3,2.5,0.008,0.101052631578947,0.858947368421053,5,0.2,0.96,"esr3_misspec_pvalue_twosided_asymptotic",0.0381,FALSE
39,3,2.5,0.006,0.102105263157895,0.867894736842105,5,0.2,0.97,"esr3_misspec_pvalue_twosided_asymptotic",0.0233,FALSE
40,3,2.5,0.004,0.103157894736842,0.876842105263158,5,0.2,0.98,"esr3_misspec_pvalue_twosided_asymptotic",0.0141,FALSE
41,3,2.5,0.002,0.104210526315789,0.885789473684211,5,0.200000000000002,0.99,"esr3_misspec_pvalue_twosided_asymptotic",0.0099,FALSE
42,3,2.5,0,0.105263157894737,0.894736842105263,5,NA,1,"esr3_misspec_pvalue_twosided_asymptotic",0.015,FALSE
43,4,2.5,0.01,0.1,0.85,3,0.2,0.95,"esr3_misspec_pvalue_twosided_asymptotic",0.3042,FALSE
44,4,2.5,0.01,0.1,0.85,4,0.2,0.95,"esr3_misspec_pvalue_twosided_asymptotic",0.15,FALSE
45,4,2.5,0.01,0.1,0.85,5,0.2,0.95,"esr3_misspec_pvalue_twosided_asymptotic",0.0525,FALSE
46,4,2.5,0.01,0.1,0.85,6,0.2,0.95,"esr3_misspec_pvalue_twosided_asymptotic",0.0328,FALSE
47,4,2.5,0.01,0.1,0.85,7,0.2,0.95,"esr3_misspec_pvalue_twosided_asymptotic",0.0519,FALSE
48,4,2.5,0.01,0.1,0.85,8,0.2,0.95,"esr3_misspec_pvalue_twosided_asymptotic",0.0848,FALSE
49,4,2.5,0.01,0.1,0.85,9,0.2,0.95,"esr3_misspec_pvalue_twosided_asymptotic",0.1244,FALSE
50,4,2.5,0.01,0.1,0.85,10,0.2,0.95,"esr3_misspec_pvalue_twosided_asymptotic",0.1715,FALSE
51,4,2.5,0.01,0.1,0.85,12,0.2,0.95,"esr3_misspec_pvalue_twosided_asymptotic",0.2571,FALSE
52,4,2.5,0.01,0.1,0.85,15,0.2,0.95,"esr3_misspec_pvalue_twosided_asymptotic",0.3507,FALSE
53,4,2.5,0.01,0.1,0.85,20,0.2,0.95,"esr3_misspec_pvalue_twosided_asymptotic",0.4588,FALSE
54,4,2.5,0.01,0.1,0.85,30,0.2,0.95,"esr3_misspec_pvalue_twosided_asymptotic",0.5711,FALSE
55,4,2.5,0.01,0.1,0.85,50,0.2,0.95,"esr3_misspec_pvalue_twosided_asymptotic",0.6498,FALSE
56,4,2.5,0.01,0.1,0.85,1e+06,0.2,0.95,"esr3_misspec_pvalue_twosided_asymptotic",0.7618,FALSE
57,5,0.5,0.01,0.1,0.85,5,0.2,0.95,"esr3_misspec_pvalue_twosided_asymptotic",0.998,FALSE
58,5,1,0.01,0.1,0.85,5,0.2,0.95,"esr3_misspec_pvalue_twosided_asymptotic",0.9674,FALSE
59,5,1.5,0.01,0.1,0.85,5,0.2,0.95,"esr3_misspec_pvalue_twosided_asymptotic",0.722,FALSE
60,5,2,0.01,0.1,0.85,5,0.2,0.95,"esr3_misspec_pvalue_twosided_asymptotic",0.2758,FALSE
61,5,2.5,0.01,0.1,0.85,5,0.2,0.95,"esr3_misspec_pvalue_twosided_asymptotic",0.0525,FALSE
62,5,3,0.01,0.1,0.85,5,0.2,0.95,"esr3_misspec_pvalue_twosided_asymptotic",0.0621,FALSE
63,5,3.5,0.01,0.1,0.85,5,0.2,0.95,"esr3_misspec_pvalue_twosided_asymptotic",0.2656,FALSE
64,5,4,0.01,0.1,0.85,5,0.2,0.95,"esr3_misspec_pvalue_twosided_asymptotic",0.5844,FALSE
65,5,4.5,0.01,0.1,0.85,5,0.2,0.95,"esr3_misspec_pvalue_twosided_asymptotic",0.8334,FALSE
66,5,5,0.01,0.1,0.85,5,0.2,0.95,"esr3_misspec_pvalue_twosided_asymptotic",0.9425,FALSE
1,1,2.5,0.01,0.01,0.94,5,0.2,0.95,"esr3_misspec_pvalue_onesided_asymptotic",0.0138,TRUE
2,1,2.5,0.01,0.02,0.93,5,0.2,0.95,"esr3_misspec_pvalue_onesided_asymptotic",0.0096,TRUE
3,1,2.5,0.01,0.03,0.92,5,0.2,0.95,"esr3_misspec_pvalue_onesided_asymptotic",0.0082,TRUE
4,1,2.5,0.01,0.04,0.91,5,0.2,0.95,"esr3_misspec_pvalue_onesided_asymptotic",0.0076,TRUE
5,1,2.5,0.01,0.05,0.9,5,0.2,0.95,"esr3_misspec_pvalue_onesided_asymptotic",0.0077,TRUE
6,1,2.5,0.01,0.06,0.89,5,0.2,0.95,"esr3_misspec_pvalue_onesided_asymptotic",0.0081,TRUE
7,1,2.5,0.01,0.07,0.88,5,0.2,0.95,"esr3_misspec_pvalue_onesided_asymptotic",0.0085,TRUE
8,1,2.5,0.01,0.08,0.87,5,0.2,0.95,"esr3_misspec_pvalue_onesided_asymptotic",0.0091,TRUE
9,1,2.5,0.01,0.09,0.86,5,0.2,0.95,"esr3_misspec_pvalue_onesided_asymptotic",0.0103,TRUE
10,1,2.5,0.01,0.1,0.85,5,0.2,0.95,"esr3_misspec_pvalue_onesided_asymptotic",0.0119,TRUE
11,1,2.5,0.01,0.11,0.84,5,0.2,0.95,"esr3_misspec_pvalue_onesided_asymptotic",0.0138,TRUE
12,1,2.5,0.01,0.12,0.83,5,0.2,0.95,"esr3_misspec_pvalue_onesided_asymptotic",0.0164,TRUE
13,1,2.5,0.01,0.13,0.82,5,0.2,0.95,"esr3_misspec_pvalue_onesided_asymptotic",0.0193,TRUE
14,1,2.5,0.01,0.14,0.81,5,0.2,0.95,"esr3_misspec_pvalue_onesided_asymptotic",0.0223,TRUE
15,1,2.5,0.01,0.15,0.8,5,0.2,0.95,"esr3_misspec_pvalue_onesided_asymptotic",0.0261,TRUE
16,1,2.5,0.01,0.16,0.79,5,0.2,0.95,"esr3_misspec_pvalue_onesided_asymptotic",0.0289,TRUE
17,1,2.5,0.01,0.17,0.78,5,0.2,0.95,"esr3_misspec_pvalue_onesided_asymptotic",0.0335,TRUE
18,1,2.5,0.01,0.18,0.77,5,0.2,0.95,"esr3_misspec_pvalue_onesided_asymptotic",0.0387,TRUE
19,1,2.5,0.01,0.19,0.76,5,0.2,0.95,"esr3_misspec_pvalue_onesided_asymptotic",0.0432,TRUE
20,1,2.5,0.01,0.2,0.75,5,0.2,0.95,"esr3_misspec_pvalue_onesided_asymptotic",0.0507,TRUE
21,2,2.5,5e-04,0.1,0.85,5,0.01,0.95,"esr3_misspec_pvalue_onesided_asymptotic",0.9946,TRUE
22,2,2.5,0.0025,0.1,0.85,5,0.05,0.95,"esr3_misspec_pvalue_onesided_asymptotic",0.9549,TRUE
23,2,2.5,0.005,0.1,0.85,5,0.1,0.95,"esr3_misspec_pvalue_onesided_asymptotic",0.5568,TRUE
24,2,2.5,0.00750000000000001,0.1,0.85,5,0.15,0.95,"esr3_misspec_pvalue_onesided_asymptotic",0.1157,TRUE
25,2,2.5,0.01,0.1,0.85,5,0.2,0.95,"esr3_misspec_pvalue_onesided_asymptotic",0.0119,TRUE
26,2,2.5,0.0125,0.1,0.85,5,0.25,0.95,"esr3_misspec_pvalue_onesided_asymptotic",8e-04,TRUE
27,2,2.5,0.015,0.1,0.85,5,0.3,0.95,"esr3_misspec_pvalue_onesided_asymptotic",3e-04,TRUE
28,2,2.5,0.0175,0.1,0.85,5,0.35,0.95,"esr3_misspec_pvalue_onesided_asymptotic",0,TRUE
29,2,2.5,0.02,0.1,0.85,5,0.4,0.95,"esr3_misspec_pvalue_onesided_asymptotic",0,TRUE
30,2,2.5,0.0225,0.1,0.85,5,0.45,0.95,"esr3_misspec_pvalue_onesided_asymptotic",0,TRUE
31,2,2.5,0.025,0.1,0.85,5,0.5,0.95,"esr3_misspec_pvalue_onesided_asymptotic",0,TRUE
32,3,2.5,0.02,0.0947368421052632,0.805263157894737,5,0.2,0.9,"esr3_misspec_pvalue_onesided_asymptotic",0.0099,TRUE
33,3,2.5,0.018,0.0957894736842105,0.814210526315789,5,0.2,0.91,"esr3_misspec_pvalue_onesided_asymptotic",0.0097,TRUE
34,3,2.5,0.016,0.0968421052631579,0.823157894736842,5,0.2,0.92,"esr3_misspec_pvalue_onesided_asymptotic",0.0102,TRUE
35,3,2.5,0.014,0.0978947368421053,0.832105263157895,5,0.2,0.93,"esr3_misspec_pvalue_onesided_asymptotic",0.0104,TRUE
36,3,2.5,0.012,0.0989473684210526,0.841052631578947,5,0.2,0.94,"esr3_misspec_pvalue_onesided_asymptotic",0.0109,TRUE
37,3,2.5,0.00999999999999998,0.1,0.85,5,0.2,0.95,"esr3_misspec_pvalue_onesided_asymptotic",0.0119,TRUE
38,3,2.5,0.008,0.101052631578947,0.858947368421053,5,0.2,0.96,"esr3_misspec_pvalue_onesided_asymptotic",0.0133,TRUE
39,3,2.5,0.006,0.102105263157895,0.867894736842105,5,0.2,0.97,"esr3_misspec_pvalue_onesided_asymptotic",0.0157,TRUE
40,3,2.5,0.004,0.103157894736842,0.876842105263158,5,0.2,0.98,"esr3_misspec_pvalue_onesided_asymptotic",0.0211,TRUE
41,3,2.5,0.002,0.104210526315789,0.885789473684211,5,0.200000000000002,0.99,"esr3_misspec_pvalue_onesided_asymptotic",0.03,TRUE
42,3,2.5,0,0.105263157894737,0.894736842105263,5,NA,1,"esr3_misspec_pvalue_onesided_asymptotic",0.0484,TRUE
43,4,2.5,0.01,0.1,0.85,3,0.2,0.95,"esr3_misspec_pvalue_onesided_asymptotic",4e-04,TRUE
44,4,2.5,0.01,0.1,0.85,4,0.2,0.95,"esr3_misspec_pvalue_onesided_asymptotic",0.0015,TRUE
45,4,2.5,0.01,0.1,0.85,5,0.2,0.95,"esr3_misspec_pvalue_onesided_asymptotic",0.0119,TRUE
46,4,2.5,0.01,0.1,0.85,6,0.2,0.95,"esr3_misspec_pvalue_onesided_asymptotic",0.0489,TRUE
47,4,2.5,0.01,0.1,0.85,7,0.2,0.95,"esr3_misspec_pvalue_onesided_asymptotic",0.0979,TRUE
48,4,2.5,0.01,0.1,0.85,8,0.2,0.95,"esr3_misspec_pvalue_onesided_asymptotic",0.1666,TRUE
49,4,2.5,0.01,0.1,0.85,9,0.2,0.95,"esr3_misspec_pvalue_onesided_asymptotic",0.2345,TRUE
50,4,2.5,0.01,0.1,0.85,10,0.2,0.95,"esr3_misspec_pvalue_onesided_asymptotic",0.2994,TRUE
51,4,2.5,0.01,0.1,0.85,12,0.2,0.95,"esr3_misspec_pvalue_onesided_asymptotic",0.4002,TRUE
52,4,2.5,0.01,0.1,0.85,15,0.2,0.95,"esr3_misspec_pvalue_onesided_asymptotic",0.5136,TRUE
53,4,2.5,0.01,0.1,0.85,20,0.2,0.95,"esr3_misspec_pvalue_onesided_asymptotic",0.6259,TRUE
54,4,2.5,0.01,0.1,0.85,30,0.2,0.95,"esr3_misspec_pvalue_onesided_asymptotic",0.7236,TRUE
55,4,2.5,0.01,0.1,0.85,50,0.2,0.95,"esr3_misspec_pvalue_onesided_asymptotic",0.7933,TRUE
56,4,2.5,0.01,0.1,0.85,1e+06,0.2,0.95,"esr3_misspec_pvalue_onesided_asymptotic",0.8657,TRUE
57,5,0.5,0.01,0.1,0.85,5,0.2,0.95,"esr3_misspec_pvalue_onesided_asymptotic",0,TRUE
58,5,1,0.01,0.1,0.85,5,0.2,0.95,"esr3_misspec_pvalue_onesided_asymptotic",0,TRUE
59,5,1.5,0.01,0.1,0.85,5,0.2,0.95,"esr3_misspec_pvalue_onesided_asymptotic",0,TRUE
60,5,2,0.01,0.1,0.85,5,0.2,0.95,"esr3_misspec_pvalue_onesided_asymptotic",4e-04,TRUE
61,5,2.5,0.01,0.1,0.85,5,0.2,0.95,"esr3_misspec_pvalue_onesided_asymptotic",0.0119,TRUE
62,5,3,0.01,0.1,0.85,5,0.2,0.95,"esr3_misspec_pvalue_onesided_asymptotic",0.1202,TRUE
63,5,3.5,0.01,0.1,0.85,5,0.2,0.95,"esr3_misspec_pvalue_onesided_asymptotic",0.4116,TRUE
64,5,4,0.01,0.1,0.85,5,0.2,0.95,"esr3_misspec_pvalue_onesided_asymptotic",0.7324,TRUE
65,5,4.5,0.01,0.1,0.85,5,0.2,0.95,"esr3_misspec_pvalue_onesided_asymptotic",0.9115,TRUE
66,5,5,0.01,0.1,0.85,5,0.2,0.95,"esr3_misspec_pvalue_onesided_asymptotic",0.9729,TRUE
